ts_local,seq,symbol,event_type,source,side,quote_slot,price_tick,qty_lots,order_id,fill_source,details
1772633472.3978999,0,BTCUSDT,market_record,exchangeInfo,,,,,,,"{""base_asset"": ""BTC"", ""quote_asset"": ""USDT"", ""record_type"": ""exchangeInfo"", ""step_size"": ""0.001"", ""tick_size"": ""0.10""}"
1772633473.861,1,BTCUSDT,market_record,aggTrade,,,,,,,"{""buyer_is_maker"": false, ""price"": ""71599.80"", ""qty"": ""0.019"", ""record_type"": ""aggTrade""}"
1772633473.872,2,BTCUSDT,market_record,aggTrade,,,,,,,"{""buyer_is_maker"": true, ""price"": ""71599.70"", ""qty"": ""0.046"", ""record_type"": ""aggTrade""}"
1772633473.919,3,BTCUSDT,market_record,aggTrade,,,,,,,"{""buyer_is_maker"": false, ""price"": ""71599.80"", ""qty"": ""0.010"", ""record_type"": ""aggTrade""}"
1772633473.933,4,BTCUSDT,market_record,depthUpdate,,,,,,,"{""ask_updates"": 51, ""bid_updates"": 63, ""final_update_id"": 10038350834547, ""first_update_id"": 10038350828757, ""prev_update_id"": 10038350828674, ""record_type"": ""depthUpdate""}"
1772633473.934,5,BTCUSDT,market_record,aggTrade,,,,,,,"{""buyer_is_maker"": true, ""price"": ""71599.70"", ""qty"": ""0.140"", ""record_type"": ""aggTrade""}"
1772633473.979,6,BTCUSDT,market_record,aggTrade,,,,,,,"{""buyer_is_maker"": false, ""price"": ""71599.80"", ""qty"": ""0.002"", ""record_type"": ""aggTrade""}"
1772633474.035,7,BTCUSDT,market_record,depthUpdate,,,,,,,"{""ask_updates"": 41, ""bid_updates"": 62, ""final_update_id"": 10038350840119, ""first_update_id"": 10038350834575, ""prev_update_id"": 10038350834547, ""record_type"": ""depthUpdate""}"
1772633474.1,8,BTCUSDT,market_record,aggTrade,,,,,,,"{""buyer_is_maker"": true, ""price"": ""71599.70"", ""qty"": ""0.049"", ""record_type"": ""aggTrade""}"
1772633474.137,9,BTCUSDT,market_record,depthUpdate,,,,,,,"{""ask_updates"": 47, ""bid_updates"": 48, ""final_update_id"": 10038350844766, ""first_update_id"": 10038350840154, ""prev_update_id"": 10038350840119, ""record_type"": ""depthUpdate""}"
1772633474.171,10,BTCUSDT,market_record,aggTrade,,,,,,,"{""buyer_is_maker"": true, ""price"": ""71599.70"", ""qty"": ""0.205"", ""record_type"": ""aggTrade""}"
1772633474.172,11,BTCUSDT,market_record,aggTrade,,,,,,,"{""buyer_is_maker"": true, ""price"": ""71599.60"", ""qty"": ""0.002"", ""record_type"": ""aggTrade""}"
1772633474.172,12,BTCUSDT,market_record,aggTrade,,,,,,,"{""buyer_is_maker"": true, ""price"": ""71599.00"", ""qty"": ""0.002"", ""record_type"": ""aggTrade""}"
1772633474.22,13,BTCUSDT,market_record,aggTrade,,,,,,,"{""buyer_is_maker"": true, ""price"": ""71598.60"", ""qty"": ""0.002"", ""record_type"": ""aggTrade""}"
1772633474.222,14,BTCUSDT,market_record,aggTrade,,,,,,,"{""buyer_is_maker"": true, ""price"": ""71598.40"", ""qty"": ""0.006"", ""record_type"": ""aggTrade""}"
1772633474.222,15,BTCUSDT,market_record,aggTrade,,,,,,,"{""buyer_is_maker"": true, ""price"": ""71598.20"", ""qty"": ""0.007"", ""record_type"": ""aggTrade""}"
1772633474.222,16,BTCUSDT,market_record,aggTrade,,,,,,,"{""buyer_is_maker"": true, ""price"": ""71598.10"", ""qty"": ""0.002"", ""record_type"": ""aggTrade""}"
1772633474.223,17,BTCUSDT,market_record,aggTrade,,,,,,,"{""buyer_is_maker"": true, ""price"": ""71598.00"", ""qty"": ""0.003"", ""record_type"": ""aggTrade""}"
1772633474.223,18,BTCUSDT,market_record,aggTrade,,,,,,,"{""buyer_is_maker"": true, ""price"": ""71597.90"", ""qty"": ""0.002"", ""record_type"": ""aggTrade""}"
1772633474.223,19,BTCUSDT,market_record,aggTrade,,,,,,,"{""buyer_is_maker"": true, ""price"": ""71597.70"", ""qty"": ""0.002"", ""record_type"": ""aggTrade""}"
1772633474.223,20,BTCUSDT,market_record,aggTrade,,,,,,,"{""buyer_is_maker"": true, ""price"": ""71597.60"", ""qty"": ""0.002"", ""record_type"": ""aggTrade""}"
1772633474.223,21,BTCUSDT,market_record,aggTrade,,,,,,,"{""buyer_is_maker"": true, ""price"": ""71597.30"", ""qty"": ""0.003"", ""record_type"": ""aggTrade""}"
1772633474.223,22,BTCUSDT,market_record,aggTrade,,,,,,,"{""buyer_is_maker"": true, ""price"": ""71596.80"", ""qty"": ""0.003"", ""record_type"": ""aggTrade""}"
1772633474.223,23,BTCUSDT,market_record,aggTrade,,,,,,,"{""buyer_is_maker"": true, ""price"": ""71596.20"", ""qty"": ""0.054"", ""record_type"": ""aggTrade""}"
1772633474.225,24,BTCUSDT,market_record,aggTrade,,,,,,,"{""buyer_is_maker"": true, ""price"": ""71596.10"", ""qty"": ""0.044"", ""record_type"": ""aggTrade""}"
1772633474.225,25,BTCUSDT,market_record,aggTrade,,,,,,,"{""buyer_is_maker"": true, ""price"": ""71596.00"", ""qty"": ""0.002"", ""record_type"": ""aggTrade""}"
1772633474.225,26,BTCUSDT,market_record,aggTrade,,,,,,,"{""buyer_is_maker"": true, ""price"": ""71595.90"", ""qty"": ""0.005"", ""record_type"": ""aggTrade""}"
1772633474.225,27,BTCUSDT,market_record,aggTrade,,,,,,,"{""buyer_is_maker"": true, ""price"": ""71595.80"", ""qty"": ""0.002"", ""record_type"": ""aggTrade""}"
1772633474.2278602,28,BTCUSDT,market_record,snapshot,,,,,,,"{""ask_levels"": 1000, ""bid_levels"": 1000, ""last_update_id"": 10038350842115, ""record_type"": ""snapshot""}"
1772633474.2278602,29,BTCUSDT,queue_consumption,agg_trade,ask,,715998,19,,,"{""fill_assumption_profile"": ""base"", ""modeled_lots"": 19, ""observed_lots"": 19, ""overlap_netted_lots"": 0, ""overlap_window_seconds"": 0.125, ""queue_consumed_lots"": 19, ""unmatched_lots"": 0}"
1772633474.2278602,30,BTCUSDT,queue_consumption,agg_trade,bid,,715997,46,,,"{""fill_assumption_profile"": ""base"", ""modeled_lots"": 46, ""observed_lots"": 46, ""overlap_netted_lots"": 0, ""overlap_window_seconds"": 0.125, ""queue_consumed_lots"": 46, ""unmatched_lots"": 0}"
1772633474.2278602,31,BTCUSDT,queue_consumption,agg_trade,ask,,715998,10,,,"{""fill_assumption_profile"": ""base"", ""modeled_lots"": 10, ""observed_lots"": 10, ""overlap_netted_lots"": 0, ""overlap_window_seconds"": 0.125, ""queue_consumed_lots"": 10, ""unmatched_lots"": 0}"
1772633474.2278602,32,BTCUSDT,queue_consumption,agg_trade,bid,,715997,140,,,"{""fill_assumption_profile"": ""base"", ""modeled_lots"": 140, ""observed_lots"": 140, ""overlap_netted_lots"": 0, ""overlap_window_seconds"": 0.125, ""queue_consumed_lots"": 140, ""unmatched_lots"": 0}"
1772633474.2278602,33,BTCUSDT,queue_consumption,agg_trade,ask,,715998,2,,,"{""fill_assumption_profile"": ""base"", ""modeled_lots"": 2, ""observed_lots"": 2, ""overlap_netted_lots"": 0, ""overlap_window_seconds"": 0.125, ""queue_consumed_lots"": 2, ""unmatched_lots"": 0}"
1772633474.2278602,34,BTCUSDT,queue_consumption,agg_trade,bid,,715997,49,,,"{""fill_assumption_profile"": ""base"", ""modeled_lots"": 49, ""observed_lots"": 49, ""overlap_netted_lots"": 0, ""overlap_window_seconds"": 0.125, ""queue_consumed_lots"": 49, ""unmatched_lots"": 0}"
1772633474.2278602,35,BTCUSDT,queue_consumption,depth_update,bid,,715078,69,,,"{""fill_assumption_profile"": ""base"", ""modeled_lots"": 69, ""observed_lots"": 69, ""overlap_netted_lots"": 0, ""overlap_window_seconds"": 0.125, ""queue_consumed_lots"": 0, ""unmatched_lots"": 69}"
1772633474.2278602,36,BTCUSDT,queue_consumption,depth_update,bid,,715349,2,,,"{""fill_assumption_profile"": ""base"", ""modeled_lots"": 2, ""observed_lots"": 2, ""overlap_netted_lots"": 0, ""overlap_window_seconds"": 0.125, ""queue_consumed_lots"": 0, ""unmatched_lots"": 2}"
1772633474.2278602,37,BTCUSDT,queue_consumption,depth_update,bid,,715373,94,,,"{""fill_assumption_profile"": ""base"", ""modeled_lots"": 94, ""observed_lots"": 94, ""overlap_netted_lots"": 0, ""overlap_window_seconds"": 0.125, ""queue_consumed_lots"": 0, ""unmatched_lots"": 94}"
1772633474.2278602,38,BTCUSDT,queue_consumption,depth_update,bid,,715401,2,,,"{""fill_assumption_profile"": ""base"", ""modeled_lots"": 2, ""observed_lots"": 2, ""overlap_netted_lots"": 0, ""overlap_window_seconds"": 0.125, ""queue_consumed_lots"": 0, ""unmatched_lots"": 2}"
1772633474.2278602,39,BTCUSDT,queue_consumption,depth_update,bid,,715518,87,,,"{""fill_assumption_profile"": ""base"", ""modeled_lots"": 87, ""observed_lots"": 87, ""overlap_netted_lots"": 0, ""overlap_window_seconds"": 0.125, ""queue_consumed_lots"": 0, ""unmatched_lots"": 87}"
1772633474.2278602,40,BTCUSDT,queue_consumption,depth_update,bid,,715818,2,,,"{""fill_assumption_profile"": ""base"", ""modeled_lots"": 2, ""observed_lots"": 2, ""overlap_netted_lots"": 0, ""overlap_window_seconds"": 0.125, ""queue_consumed_lots"": 0, ""unmatched_lots"": 2}"
1772633474.2278602,41,BTCUSDT,queue_consumption,depth_update,bid,,715871,8,,,"{""fill_assumption_profile"": ""base"", ""modeled_lots"": 8, ""observed_lots"": 8, ""overlap_netted_lots"": 0, ""overlap_window_seconds"": 0.125, ""queue_consumed_lots"": 0, ""unmatched_lots"": 8}"
1772633474.2278602,42,BTCUSDT,queue_consumption,depth_update,bid,,715980,3,,,"{""fill_assumption_profile"": ""base"", ""modeled_lots"": 3, ""observed_lots"": 3, ""overlap_netted_lots"": 0, ""overlap_window_seconds"": 0.125, ""queue_consumed_lots"": 0, ""unmatched_lots"": 3}"
1772633474.2278602,43,BTCUSDT,queue_consumption,depth_update,bid,,715997,16,,,"{""fill_assumption_profile"": ""base"", ""modeled_lots"": 0, ""observed_lots"": 16, ""overlap_netted_lots"": 16, ""overlap_window_seconds"": 0.125, ""queue_consumed_lots"": 0, ""unmatched_lots"": 0}"
1772633474.2278602,44,BTCUSDT,queue_consumption,depth_update,ask,,716004,2,,,"{""fill_assumption_profile"": ""base"", ""modeled_lots"": 2, ""observed_lots"": 2, ""overlap_netted_lots"": 0, ""overlap_window_seconds"": 0.125, ""queue_consumed_lots"": 0, ""unmatched_lots"": 2}"
1772633474.2278602,45,BTCUSDT,queue_consumption,depth_update,ask,,716148,2,,,"{""fill_assumption_profile"": ""base"", ""modeled_lots"": 2, ""observed_lots"": 2, ""overlap_netted_lots"": 0, ""overlap_window_seconds"": 0.125, ""queue_consumed_lots"": 0, ""unmatched_lots"": 2}"
1772633474.2278602,46,BTCUSDT,queue_consumption,depth_update,ask,,716161,628,,,"{""fill_assumption_profile"": ""base"", ""modeled_lots"": 628, ""observed_lots"": 628, ""overlap_netted_lots"": 0, ""overlap_window_seconds"": 0.125, ""queue_consumed_lots"": 0, ""unmatched_lots"": 628}"
1772633474.2278602,47,BTCUSDT,queue_consumption,depth_update,ask,,716303,4,,,"{""fill_assumption_profile"": ""base"", ""modeled_lots"": 4, ""observed_lots"": 4, ""overlap_netted_lots"": 0, ""overlap_window_seconds"": 0.125, ""queue_consumed_lots"": 0, ""unmatched_lots"": 4}"
1772633474.2278602,48,BTCUSDT,queue_consumption,depth_update,ask,,716304,4,,,"{""fill_assumption_profile"": ""base"", ""modeled_lots"": 4, ""observed_lots"": 4, ""overlap_netted_lots"": 0, ""overlap_window_seconds"": 0.125, ""queue_consumed_lots"": 0, ""unmatched_lots"": 4}"
1772633474.2278602,49,BTCUSDT,queue_consumption,depth_update,ask,,716334,4,,,"{""fill_assumption_profile"": ""base"", ""modeled_lots"": 4, ""observed_lots"": 4, ""overlap_netted_lots"": 0, ""overlap_window_seconds"": 0.125, ""queue_consumed_lots"": 0, ""unmatched_lots"": 4}"
1772633474.2278602,50,BTCUSDT,queue_consumption,depth_update,ask,,716413,51,,,"{""fill_assumption_profile"": ""base"", ""modeled_lots"": 51, ""observed_lots"": 51, ""overlap_netted_lots"": 0, ""overlap_window_seconds"": 0.125, ""queue_consumed_lots"": 0, ""unmatched_lots"": 51}"
1772633474.2278602,51,BTCUSDT,queue_consumption,depth_update,ask,,716743,348,,,"{""fill_assumption_profile"": ""base"", ""modeled_lots"": 348, ""observed_lots"": 348, ""overlap_netted_lots"": 0, ""overlap_window_seconds"": 0.125, ""queue_consumed_lots"": 0, ""unmatched_lots"": 348}"
1772633474.2278602,52,BTCUSDT,queue_consumption,depth_update,ask,,717214,777,,,"{""fill_assumption_profile"": ""base"", ""modeled_lots"": 777, ""observed_lots"": 777, ""overlap_netted_lots"": 0, ""overlap_window_seconds"": 0.125, ""queue_consumed_lots"": 0, ""unmatched_lots"": 777}"
1772633474.2278602,53,BTCUSDT,queue_consumption,depth_update,ask,,717231,777,,,"{""fill_assumption_profile"": ""base"", ""modeled_lots"": 777, ""observed_lots"": 777, ""overlap_netted_lots"": 0, ""overlap_window_seconds"": 0.125, ""queue_consumed_lots"": 0, ""unmatched_lots"": 777}"
1772633474.2278602,54,BTCUSDT,decision,strategy,,,,,,,"{""diagnostics"": {""best_ask_tick"": 715998, ""best_bid_tick"": 715997, ""book_imbalance"": ""-0.3060874535581594741354672764"", ""half_spread_bps"": ""0.05"", ""half_spread_ticks"": ""3.5799875"", ""inventory_qty"": ""0.000"", ""mid_price"": ""71599.750"", ""mid_ticks"": ""715997.5"", ""profile"": ""baseline"", ""recent_trade_imbalance"": ""-0.7669172932330827067669172932"", ""size_lots"": 1, ""skew_ticks"": ""0.0000"", ""spread_scale"": ""1"", ""top_of_book_imbalance"": ""-0.3060874535581594741354672764"", ""trade_imbalance"": ""-0.7669172932330827067669172932"", ""volatility"": ""0""}, ""evidence_ids"": [""input_row:11"", ""input_row:10""], ""inventory_qty"": ""0.000"", ""quote_count"": 2, ""quotes"": [{""price_tick"": 715994, ""qty_lots"": 1, ""quote_slot"": ""base"", ""refresh_key"": ""baseline:715997:715998:bid"", ""side"": ""bid""}, {""price_tick"": 716001, ""qty_lots"": 1, ""quote_slot"": ""base"", ""refresh_key"": ""baseline:715997:715998:ask"", ""side"": ""ask""}], ""strategy_profile"": ""baseline""}"
1772633474.2278602,55,BTCUSDT,order_arrival_scheduled,engine,bid,base,715994,1,,,"{""arrival_ts"": 1772633474.2278602, ""cancel_ack_ts"": null, ""order_latency_ms"": 0.0}"
1772633474.2278602,56,BTCUSDT,order_arrival_scheduled,engine,ask,base,716001,1,,,"{""arrival_ts"": 1772633474.2278602, ""cancel_ack_ts"": null, ""order_latency_ms"": 0.0}"
1772633474.2278602,57,BTCUSDT,order_arrival,engine,bid,base,715994,1,BTCUSDT-bid-1772633474227860-3,,"{""arrival_evidence_ids"": [""input_row:11"", ""input_row:10""], ""arrival_validity"": {""book_valid"": true, ""capture_valid"": true, ""clock_valid"": false, ""execution_valid"": false, ""reason"": ""clock_invalid"", ""trade_stream_required"": true, ""trade_stream_valid"": true}, ""decision_evidence_ids"": [""input_row:11"", ""input_row:10""], ""immediate_fills"": 0, ""new_order_latency_ms"": 0.0, ""queue_ahead_lots_after_arrival"": 2, ""refresh_key"": ""baseline:715997:715998:bid"", ""remaining_lots_after_arrival"": 1, ""resting_after_arrival"": true}"
1772633474.2278602,58,BTCUSDT,order_arrival,engine,ask,base,716001,1,BTCUSDT-ask-1772633474227860-4,,"{""arrival_evidence_ids"": [""input_row:11"", ""input_row:10""], ""arrival_validity"": {""book_valid"": true, ""capture_valid"": true, ""clock_valid"": false, ""execution_valid"": false, ""reason"": ""clock_invalid"", ""trade_stream_required"": true, ""trade_stream_valid"": true}, ""decision_evidence_ids"": [""input_row:11"", ""input_row:10""], ""immediate_fills"": 0, ""new_order_latency_ms"": 0.0, ""queue_ahead_lots_after_arrival"": 1, ""refresh_key"": ""baseline:715997:715998:ask"", ""remaining_lots_after_arrival"": 1, ""resting_after_arrival"": true}"
1772633474.2278602,59,BTCUSDT,queue_consumption,agg_trade,bid,,715997,205,,,"{""fill_assumption_profile"": ""base"", ""modeled_lots"": 205, ""observed_lots"": 205, ""overlap_netted_lots"": 0, ""overlap_window_seconds"": 0.125, ""queue_consumed_lots"": 205, ""unmatched_lots"": 0}"
1772633474.2278602,60,BTCUSDT,queue_consumption,agg_trade,bid,,715996,2,,,"{""fill_assumption_profile"": ""base"", ""modeled_lots"": 2, ""observed_lots"": 2, ""overlap_netted_lots"": 0, ""overlap_window_seconds"": 0.125, ""queue_consumed_lots"": 2, ""unmatched_lots"": 0}"
1772633474.2278602,61,BTCUSDT,queue_consumption,agg_trade,bid,,715990,2,,,"{""fill_assumption_profile"": ""base"", ""modeled_lots"": 2, ""observed_lots"": 2, ""overlap_netted_lots"": 0, ""overlap_window_seconds"": 0.125, ""queue_consumed_lots"": 2, ""unmatched_lots"": 0}"
1772633474.2278602,62,BTCUSDT,queue_consumption,agg_trade,bid,,715986,2,,,"{""fill_assumption_profile"": ""base"", ""modeled_lots"": 2, ""observed_lots"": 2, ""overlap_netted_lots"": 0, ""overlap_window_seconds"": 0.125, ""queue_consumed_lots"": 2, ""unmatched_lots"": 0}"
1772633474.2278602,63,BTCUSDT,queue_consumption,agg_trade,bid,,715984,6,,,"{""fill_assumption_profile"": ""base"", ""modeled_lots"": 6, ""observed_lots"": 6, ""overlap_netted_lots"": 0, ""overlap_window_seconds"": 0.125, ""queue_consumed_lots"": 6, ""unmatched_lots"": 0}"
1772633474.2278602,64,BTCUSDT,queue_consumption,agg_trade,bid,,715982,7,,,"{""fill_assumption_profile"": ""base"", ""modeled_lots"": 7, ""observed_lots"": 7, ""overlap_netted_lots"": 0, ""overlap_window_seconds"": 0.125, ""queue_consumed_lots"": 7, ""unmatched_lots"": 0}"
1772633474.2278602,65,BTCUSDT,queue_consumption,agg_trade,bid,,715981,2,,,"{""fill_assumption_profile"": ""base"", ""modeled_lots"": 2, ""observed_lots"": 2, ""overlap_netted_lots"": 0, ""overlap_window_seconds"": 0.125, ""queue_consumed_lots"": 2, ""unmatched_lots"": 0}"
1772633474.2278602,66,BTCUSDT,queue_consumption,agg_trade,bid,,715980,3,,,"{""fill_assumption_profile"": ""base"", ""modeled_lots"": 3, ""observed_lots"": 3, ""overlap_netted_lots"": 0, ""overlap_window_seconds"": 0.125, ""queue_consumed_lots"": 3, ""unmatched_lots"": 0}"
1772633474.2278602,67,BTCUSDT,queue_consumption,agg_trade,bid,,715979,2,,,"{""fill_assumption_profile"": ""base"", ""modeled_lots"": 2, ""observed_lots"": 2, ""overlap_netted_lots"": 0, ""overlap_window_seconds"": 0.125, ""queue_consumed_lots"": 2, ""unmatched_lots"": 0}"
1772633474.2278602,68,BTCUSDT,queue_consumption,agg_trade,bid,,715977,2,,,"{""fill_assumption_profile"": ""base"", ""modeled_lots"": 2, ""observed_lots"": 2, ""overlap_netted_lots"": 0, ""overlap_window_seconds"": 0.125, ""queue_consumed_lots"": 2, ""unmatched_lots"": 0}"
1772633474.2278602,69,BTCUSDT,queue_consumption,agg_trade,bid,,715976,2,,,"{""fill_assumption_profile"": ""base"", ""modeled_lots"": 2, ""observed_lots"": 2, ""overlap_netted_lots"": 0, ""overlap_window_seconds"": 0.125, ""queue_consumed_lots"": 2, ""unmatched_lots"": 0}"
1772633474.2278602,70,BTCUSDT,queue_consumption,agg_trade,bid,,715973,3,,,"{""fill_assumption_profile"": ""base"", ""modeled_lots"": 3, ""observed_lots"": 3, ""overlap_netted_lots"": 0, ""overlap_window_seconds"": 0.125, ""queue_consumed_lots"": 3, ""unmatched_lots"": 0}"
1772633474.2278602,71,BTCUSDT,queue_consumption,agg_trade,bid,,715968,3,,,"{""fill_assumption_profile"": ""base"", ""modeled_lots"": 3, ""observed_lots"": 3, ""overlap_netted_lots"": 0, ""overlap_window_seconds"": 0.125, ""queue_consumed_lots"": 3, ""unmatched_lots"": 0}"
1772633474.2278602,72,BTCUSDT,queue_consumption,agg_trade,bid,,715962,54,,,"{""fill_assumption_profile"": ""base"", ""modeled_lots"": 54, ""observed_lots"": 54, ""overlap_netted_lots"": 0, ""overlap_window_seconds"": 0.125, ""queue_consumed_lots"": 54, ""unmatched_lots"": 0}"
1772633474.2278602,73,BTCUSDT,queue_consumption,agg_trade,bid,,715961,44,,,"{""fill_assumption_profile"": ""base"", ""modeled_lots"": 44, ""observed_lots"": 44, ""overlap_netted_lots"": 0, ""overlap_window_seconds"": 0.125, ""queue_consumed_lots"": 44, ""unmatched_lots"": 0}"
1772633474.2278602,74,BTCUSDT,queue_consumption,agg_trade,bid,,715960,2,,,"{""fill_assumption_profile"": ""base"", ""modeled_lots"": 2, ""observed_lots"": 2, ""overlap_netted_lots"": 0, ""overlap_window_seconds"": 0.125, ""queue_consumed_lots"": 2, ""unmatched_lots"": 0}"
1772633474.2278602,75,BTCUSDT,queue_consumption,agg_trade,bid,,715959,5,,,"{""fill_assumption_profile"": ""base"", ""modeled_lots"": 5, ""observed_lots"": 5, ""overlap_netted_lots"": 0, ""overlap_window_seconds"": 0.125, ""queue_consumed_lots"": 5, ""unmatched_lots"": 0}"
1772633474.2278602,76,BTCUSDT,queue_consumption,agg_trade,bid,,715958,2,,,"{""fill_assumption_profile"": ""base"", ""modeled_lots"": 2, ""observed_lots"": 2, ""overlap_netted_lots"": 0, ""overlap_window_seconds"": 0.125, ""queue_consumed_lots"": 2, ""unmatched_lots"": 0}"
1772633474.239,77,BTCUSDT,market_record,depthUpdate,,,,,,,"{""ask_updates"": 367, ""bid_updates"": 455, ""final_update_id"": 10038350878600, ""first_update_id"": 10038350844843, ""prev_update_id"": 10038350844766, ""record_type"": ""depthUpdate""}"
1772633474.239,78,BTCUSDT,queue_consumption,depth_update,bid,,50000,20,,,"{""fill_assumption_profile"": ""base"", ""modeled_lots"": 20, ""observed_lots"": 20, ""overlap_netted_lots"": 0, ""overlap_window_seconds"": 0.125, ""queue_consumed_lots"": 0, ""unmatched_lots"": 20}"
1772633474.239,79,BTCUSDT,queue_consumption,depth_update,bid,,211997,72,,,"{""fill_assumption_profile"": ""base"", ""modeled_lots"": 72, ""observed_lots"": 72, ""overlap_netted_lots"": 0, ""overlap_window_seconds"": 0.125, ""queue_consumed_lots"": 0, ""unmatched_lots"": 72}"
1772633474.239,80,BTCUSDT,queue_consumption,depth_update,bid,,214873,36,,,"{""fill_assumption_profile"": ""base"", ""modeled_lots"": 36, ""observed_lots"": 36, ""overlap_netted_lots"": 0, ""overlap_window_seconds"": 0.125, ""queue_consumed_lots"": 0, ""unmatched_lots"": 36}"
1772633474.239,81,BTCUSDT,queue_consumption,depth_update,bid,,214997,81,,,"{""fill_assumption_profile"": ""base"", ""modeled_lots"": 81, ""observed_lots"": 81, ""overlap_netted_lots"": 0, ""overlap_window_seconds"": 0.125, ""queue_consumed_lots"": 0, ""unmatched_lots"": 81}"
1772633474.239,82,BTCUSDT,queue_consumption,depth_update,bid,,410997,51,,,"{""fill_assumption_profile"": ""base"", ""modeled_lots"": 51, ""observed_lots"": 51, ""overlap_netted_lots"": 0, ""overlap_window_seconds"": 0.125, ""queue_consumed_lots"": 0, ""unmatched_lots"": 51}"
1772633474.239,83,BTCUSDT,queue_consumption,depth_update,bid,,411997,30,,,"{""fill_assumption_profile"": ""base"", ""modeled_lots"": 30, ""observed_lots"": 30, ""overlap_netted_lots"": 0, ""overlap_window_seconds"": 0.125, ""queue_consumed_lots"": 0, ""unmatched_lots"": 30}"
1772633474.239,84,BTCUSDT,queue_consumption,depth_update,bid,,710023,2,,,"{""fill_assumption_profile"": ""base"", ""modeled_lots"": 2, ""observed_lots"": 2, ""overlap_netted_lots"": 0, ""overlap_window_seconds"": 0.125, ""queue_consumed_lots"": 0, ""unmatched_lots"": 2}"
1772633474.239,85,BTCUSDT,queue_consumption,depth_update,bid,,710489,4,,,"{""fill_assumption_profile"": ""base"", ""modeled_lots"": 4, ""observed_lots"": 4, ""overlap_netted_lots"": 0, ""overlap_window_seconds"": 0.125, ""queue_consumed_lots"": 0, ""unmatched_lots"": 4}"
1772633474.239,86,BTCUSDT,queue_consumption,depth_update,bid,,714816,3,,,"{""fill_assumption_profile"": ""base"", ""modeled_lots"": 3, ""observed_lots"": 3, ""overlap_netted_lots"": 0, ""overlap_window_seconds"": 0.125, ""queue_consumed_lots"": 0, ""unmatched_lots"": 3}"
1772633474.239,87,BTCUSDT,queue_consumption,depth_update,bid,,714829,1,,,"{""fill_assumption_profile"": ""base"", ""modeled_lots"": 1, ""observed_lots"": 1, ""overlap_netted_lots"": 0, ""overlap_window_seconds"": 0.125, ""queue_consumed_lots"": 0, ""unmatched_lots"": 1}"
1772633474.239,88,BTCUSDT,queue_consumption,depth_update,bid,,714920,6,,,"{""fill_assumption_profile"": ""base"", ""modeled_lots"": 6, ""observed_lots"": 6, ""overlap_netted_lots"": 0, ""overlap_window_seconds"": 0.125, ""queue_consumed_lots"": 0, ""unmatched_lots"": 6}"
1772633474.239,89,BTCUSDT,queue_consumption,depth_update,bid,,714959,14,,,"{""fill_assumption_profile"": ""base"", ""modeled_lots"": 14, ""observed_lots"": 14, ""overlap_netted_lots"": 0, ""overlap_window_seconds"": 0.125, ""queue_consumed_lots"": 0, ""unmatched_lots"": 14}"
1772633474.239,90,BTCUSDT,queue_consumption,depth_update,bid,,715023,1,,,"{""fill_assumption_profile"": ""base"", ""modeled_lots"": 1, ""observed_lots"": 1, ""overlap_netted_lots"": 0, ""overlap_window_seconds"": 0.125, ""queue_consumed_lots"": 0, ""unmatched_lots"": 1}"
1772633474.239,91,BTCUSDT,queue_consumption,depth_update,bid,,715079,69,,,"{""fill_assumption_profile"": ""base"", ""modeled_lots"": 69, ""observed_lots"": 69, ""overlap_netted_lots"": 0, ""overlap_window_seconds"": 0.125, ""queue_consumed_lots"": 0, ""unmatched_lots"": 69}"
1772633474.239,92,BTCUSDT,queue_consumption,depth_update,bid,,715236,3,,,"{""fill_assumption_profile"": ""base"", ""modeled_lots"": 3, ""observed_lots"": 3, ""overlap_netted_lots"": 0, ""overlap_window_seconds"": 0.125, ""queue_consumed_lots"": 0, ""unmatched_lots"": 3}"
1772633474.239,93,BTCUSDT,queue_consumption,depth_update,bid,,715246,128,,,"{""fill_assumption_profile"": ""base"", ""modeled_lots"": 128, ""observed_lots"": 128, ""overlap_netted_lots"": 0, ""overlap_window_seconds"": 0.125, ""queue_consumed_lots"": 0, ""unmatched_lots"": 128}"
1772633474.239,94,BTCUSDT,queue_consumption,depth_update,bid,,715273,128,,,"{""fill_assumption_profile"": ""base"", ""modeled_lots"": 128, ""observed_lots"": 128, ""overlap_netted_lots"": 0, ""overlap_window_seconds"": 0.125, ""queue_consumed_lots"": 0, ""unmatched_lots"": 128}"
1772633474.239,95,BTCUSDT,queue_consumption,depth_update,bid,,715275,128,,,"{""fill_assumption_profile"": ""base"", ""modeled_lots"": 128, ""observed_lots"": 128, ""overlap_netted_lots"": 0, ""overlap_window_seconds"": 0.125, ""queue_consumed_lots"": 0, ""unmatched_lots"": 128}"
1772633474.239,96,BTCUSDT,queue_consumption,depth_update,bid,,715276,128,,,"{""fill_assumption_profile"": ""base"", ""modeled_lots"": 128, ""observed_lots"": 128, ""overlap_netted_lots"": 0, ""overlap_window_seconds"": 0.125, ""queue_consumed_lots"": 0, ""unmatched_lots"": 128}"
1772633474.239,97,BTCUSDT,queue_consumption,depth_update,bid,,715277,128,,,"{""fill_assumption_profile"": ""base"", ""modeled_lots"": 128, ""observed_lots"": 128, ""overlap_netted_lots"": 0, ""overlap_window_seconds"": 0.125, ""queue_consumed_lots"": 0, ""unmatched_lots"": 128}"
1772633474.239,98,BTCUSDT,queue_consumption,depth_update,bid,,715280,3,,,"{""fill_assumption_profile"": ""base"", ""modeled_lots"": 3, ""observed_lots"": 3, ""overlap_netted_lots"": 0, ""overlap_window_seconds"": 0.125, ""queue_consumed_lots"": 0, ""unmatched_lots"": 3}"
1772633474.239,99,BTCUSDT,queue_consumption,depth_update,bid,,715291,128,,,"{""fill_assumption_profile"": ""base"", ""modeled_lots"": 128, ""observed_lots"": 128, ""overlap_netted_lots"": 0, ""overlap_window_seconds"": 0.125, ""queue_consumed_lots"": 0, ""unmatched_lots"": 128}"
1772633474.239,100,BTCUSDT,queue_consumption,depth_update,bid,,715295,128,,,"{""fill_assumption_profile"": ""base"", ""modeled_lots"": 128, ""observed_lots"": 128, ""overlap_netted_lots"": 0, ""overlap_window_seconds"": 0.125, ""queue_consumed_lots"": 0, ""unmatched_lots"": 128}"
1772633474.239,101,BTCUSDT,queue_consumption,depth_update,bid,,715309,39,,,"{""fill_assumption_profile"": ""base"", ""modeled_lots"": 39, ""observed_lots"": 39, ""overlap_netted_lots"": 0, ""overlap_window_seconds"": 0.125, ""queue_consumed_lots"": 0, ""unmatched_lots"": 39}"
1772633474.239,102,BTCUSDT,queue_consumption,depth_update,bid,,715321,128,,,"{""fill_assumption_profile"": ""base"", ""modeled_lots"": 128, ""observed_lots"": 128, ""overlap_netted_lots"": 0, ""overlap_window_seconds"": 0.125, ""queue_consumed_lots"": 0, ""unmatched_lots"": 128}"
1772633474.239,103,BTCUSDT,queue_consumption,depth_update,bid,,715323,128,,,"{""fill_assumption_profile"": ""base"", ""modeled_lots"": 128, ""observed_lots"": 128, ""overlap_netted_lots"": 0, ""overlap_window_seconds"": 0.125, ""queue_consumed_lots"": 0, ""unmatched_lots"": 128}"
1772633474.239,104,BTCUSDT,queue_consumption,depth_update,bid,,715333,128,,,"{""fill_assumption_profile"": ""base"", ""modeled_lots"": 128, ""observed_lots"": 128, ""overlap_netted_lots"": 0, ""overlap_window_seconds"": 0.125, ""queue_consumed_lots"": 0, ""unmatched_lots"": 128}"
1772633474.239,105,BTCUSDT,queue_consumption,depth_update,bid,,715353,83,,,"{""fill_assumption_profile"": ""base"", ""modeled_lots"": 83, ""observed_lots"": 83, ""overlap_netted_lots"": 0, ""overlap_window_seconds"": 0.125, ""queue_consumed_lots"": 0, ""unmatched_lots"": 83}"
1772633474.239,106,BTCUSDT,queue_consumption,depth_update,bid,,715367,87,,,"{""fill_assumption_profile"": ""base"", ""modeled_lots"": 87, ""observed_lots"": 87, ""overlap_netted_lots"": 0, ""overlap_window_seconds"": 0.125, ""queue_consumed_lots"": 0, ""unmatched_lots"": 87}"
1772633474.239,107,BTCUSDT,queue_consumption,depth_update,bid,,715368,87,,,"{""fill_assumption_profile"": ""base"", ""modeled_lots"": 87, ""observed_lots"": 87, ""overlap_netted_lots"": 0, ""overlap_window_seconds"": 0.125, ""queue_consumed_lots"": 0, ""unmatched_lots"": 87}"
1772633474.239,108,BTCUSDT,queue_consumption,depth_update,bid,,715374,174,,,"{""fill_assumption_profile"": ""base"", ""modeled_lots"": 174, ""observed_lots"": 174, ""overlap_netted_lots"": 0, ""overlap_window_seconds"": 0.125, ""queue_consumed_lots"": 0, ""unmatched_lots"": 174}"
1772633474.239,109,BTCUSDT,queue_consumption,depth_update,bid,,715402,100,,,"{""fill_assumption_profile"": ""base"", ""modeled_lots"": 100, ""observed_lots"": 100, ""overlap_netted_lots"": 0, ""overlap_window_seconds"": 0.125, ""queue_consumed_lots"": 0, ""unmatched_lots"": 100}"
1772633474.239,110,BTCUSDT,queue_consumption,depth_update,bid,,715441,13,,,"{""fill_assumption_profile"": ""base"", ""modeled_lots"": 13, ""observed_lots"": 13, ""overlap_netted_lots"": 0, ""overlap_window_seconds"": 0.125, ""queue_consumed_lots"": 0, ""unmatched_lots"": 13}"
1772633474.239,111,BTCUSDT,queue_consumption,depth_update,bid,,715470,69,,,"{""fill_assumption_profile"": ""base"", ""modeled_lots"": 69, ""observed_lots"": 69, ""overlap_netted_lots"": 0, ""overlap_window_seconds"": 0.125, ""queue_consumed_lots"": 0, ""unmatched_lots"": 69}"
1772633474.239,112,BTCUSDT,queue_consumption,depth_update,bid,,715473,349,,,"{""fill_assumption_profile"": ""base"", ""modeled_lots"": 349, ""observed_lots"": 349, ""overlap_netted_lots"": 0, ""overlap_window_seconds"": 0.125, ""queue_consumed_lots"": 0, ""unmatched_lots"": 349}"
1772633474.239,113,BTCUSDT,queue_consumption,depth_update,bid,,715504,2,,,"{""fill_assumption_profile"": ""base"", ""modeled_lots"": 2, ""observed_lots"": 2, ""overlap_netted_lots"": 0, ""overlap_window_seconds"": 0.125, ""queue_consumed_lots"": 0, ""unmatched_lots"": 2}"
1772633474.239,114,BTCUSDT,queue_consumption,depth_update,bid,,715510,70,,,"{""fill_assumption_profile"": ""base"", ""modeled_lots"": 70, ""observed_lots"": 70, ""overlap_netted_lots"": 0, ""overlap_window_seconds"": 0.125, ""queue_consumed_lots"": 0, ""unmatched_lots"": 70}"
1772633474.239,115,BTCUSDT,queue_consumption,depth_update,bid,,715513,112,,,"{""fill_assumption_profile"": ""base"", ""modeled_lots"": 112, ""observed_lots"": 112, ""overlap_netted_lots"": 0, ""overlap_window_seconds"": 0.125, ""queue_consumed_lots"": 0, ""unmatched_lots"": 112}"
1772633474.239,116,BTCUSDT,queue_consumption,depth_update,bid,,715536,1,,,"{""fill_assumption_profile"": ""base"", ""modeled_lots"": 1, ""observed_lots"": 1, ""overlap_netted_lots"": 0, ""overlap_window_seconds"": 0.125, ""queue_consumed_lots"": 0, ""unmatched_lots"": 1}"
1772633474.239,117,BTCUSDT,queue_consumption,depth_update,bid,,715546,470,,,"{""fill_assumption_profile"": ""base"", ""modeled_lots"": 470, ""observed_lots"": 470, ""overlap_netted_lots"": 0, ""overlap_window_seconds"": 0.125, ""queue_consumed_lots"": 0, ""unmatched_lots"": 470}"
1772633474.239,118,BTCUSDT,queue_consumption,depth_update,bid,,715547,2,,,"{""fill_assumption_profile"": ""base"", ""modeled_lots"": 2, ""observed_lots"": 2, ""overlap_netted_lots"": 0, ""overlap_window_seconds"": 0.125, ""queue_consumed_lots"": 0, ""unmatched_lots"": 2}"
1772633474.239,119,BTCUSDT,queue_consumption,depth_update,bid,,715557,4,,,"{""fill_assumption_profile"": ""base"", ""modeled_lots"": 4, ""observed_lots"": 4, ""overlap_netted_lots"": 0, ""overlap_window_seconds"": 0.125, ""queue_consumed_lots"": 0, ""unmatched_lots"": 4}"
1772633474.239,120,BTCUSDT,queue_consumption,depth_update,bid,,715566,210,,,"{""fill_assumption_profile"": ""base"", ""modeled_lots"": 210, ""observed_lots"": 210, ""overlap_netted_lots"": 0, ""overlap_window_seconds"": 0.125, ""queue_consumed_lots"": 0, ""unmatched_lots"": 210}"
1772633474.239,121,BTCUSDT,queue_consumption,depth_update,bid,,715567,12,,,"{""fill_assumption_profile"": ""base"", ""modeled_lots"": 12, ""observed_lots"": 12, ""overlap_netted_lots"": 0, ""overlap_window_seconds"": 0.125, ""queue_consumed_lots"": 0, ""unmatched_lots"": 12}"
1772633474.239,122,BTCUSDT,queue_consumption,depth_update,bid,,715574,1,,,"{""fill_assumption_profile"": ""base"", ""modeled_lots"": 1, ""observed_lots"": 1, ""overlap_netted_lots"": 0, ""overlap_window_seconds"": 0.125, ""queue_consumed_lots"": 0, ""unmatched_lots"": 1}"
1772633474.239,123,BTCUSDT,queue_consumption,depth_update,bid,,715583,20,,,"{""fill_assumption_profile"": ""base"", ""modeled_lots"": 20, ""observed_lots"": 20, ""overlap_netted_lots"": 0, ""overlap_window_seconds"": 0.125, ""queue_consumed_lots"": 0, ""unmatched_lots"": 20}"
1772633474.239,124,BTCUSDT,queue_consumption,depth_update,bid,,715628,6,,,"{""fill_assumption_profile"": ""base"", ""modeled_lots"": 6, ""observed_lots"": 6, ""overlap_netted_lots"": 0, ""overlap_window_seconds"": 0.125, ""queue_consumed_lots"": 0, ""unmatched_lots"": 6}"
1772633474.239,125,BTCUSDT,queue_consumption,depth_update,bid,,715638,128,,,"{""fill_assumption_profile"": ""base"", ""modeled_lots"": 128, ""observed_lots"": 128, ""overlap_netted_lots"": 0, ""overlap_window_seconds"": 0.125, ""queue_consumed_lots"": 0, ""unmatched_lots"": 128}"
1772633474.239,126,BTCUSDT,queue_consumption,depth_update,bid,,715640,2145,,,"{""fill_assumption_profile"": ""base"", ""modeled_lots"": 2145, ""observed_lots"": 2145, ""overlap_netted_lots"": 0, ""overlap_window_seconds"": 0.125, ""queue_consumed_lots"": 0, ""unmatched_lots"": 2145}"
1772633474.239,127,BTCUSDT,queue_consumption,depth_update,bid,,715641,739,,,"{""fill_assumption_profile"": ""base"", ""modeled_lots"": 739, ""observed_lots"": 739, ""overlap_netted_lots"": 0, ""overlap_window_seconds"": 0.125, ""queue_consumed_lots"": 0, ""unmatched_lots"": 739}"
1772633474.239,128,BTCUSDT,queue_consumption,depth_update,bid,,715642,1198,,,"{""fill_assumption_profile"": ""base"", ""modeled_lots"": 1198, ""observed_lots"": 1198, ""overlap_netted_lots"": 0, ""overlap_window_seconds"": 0.125, ""queue_consumed_lots"": 0, ""unmatched_lots"": 1198}"
1772633474.239,129,BTCUSDT,queue_consumption,depth_update,bid,,715644,34,,,"{""fill_assumption_profile"": ""base"", ""modeled_lots"": 34, ""observed_lots"": 34, ""overlap_netted_lots"": 0, ""overlap_window_seconds"": 0.125, ""queue_consumed_lots"": 0, ""unmatched_lots"": 34}"
1772633474.239,130,BTCUSDT,queue_consumption,depth_update,bid,,715650,839,,,"{""fill_assumption_profile"": ""base"", ""modeled_lots"": 839, ""observed_lots"": 839, ""overlap_netted_lots"": 0, ""overlap_window_seconds"": 0.125, ""queue_consumed_lots"": 0, ""unmatched_lots"": 839}"
1772633474.239,131,BTCUSDT,queue_consumption,depth_update,bid,,715653,34,,,"{""fill_assumption_profile"": ""base"", ""modeled_lots"": 34, ""observed_lots"": 34, ""overlap_netted_lots"": 0, ""overlap_window_seconds"": 0.125, ""queue_consumed_lots"": 0, ""unmatched_lots"": 34}"
1772633474.239,132,BTCUSDT,queue_consumption,depth_update,bid,,715660,20,,,"{""fill_assumption_profile"": ""base"", ""modeled_lots"": 20, ""observed_lots"": 20, ""overlap_netted_lots"": 0, ""overlap_window_seconds"": 0.125, ""queue_consumed_lots"": 0, ""unmatched_lots"": 20}"
1772633474.239,133,BTCUSDT,queue_consumption,depth_update,bid,,715674,835,,,"{""fill_assumption_profile"": ""base"", ""modeled_lots"": 835, ""observed_lots"": 835, ""overlap_netted_lots"": 0, ""overlap_window_seconds"": 0.125, ""queue_consumed_lots"": 0, ""unmatched_lots"": 835}"
1772633474.239,134,BTCUSDT,queue_consumption,depth_update,bid,,715676,4,,,"{""fill_assumption_profile"": ""base"", ""modeled_lots"": 4, ""observed_lots"": 4, ""overlap_netted_lots"": 0, ""overlap_window_seconds"": 0.125, ""queue_consumed_lots"": 0, ""unmatched_lots"": 4}"
1772633474.239,135,BTCUSDT,queue_consumption,depth_update,bid,,715677,80,,,"{""fill_assumption_profile"": ""base"", ""modeled_lots"": 80, ""observed_lots"": 80, ""overlap_netted_lots"": 0, ""overlap_window_seconds"": 0.125, ""queue_consumed_lots"": 0, ""unmatched_lots"": 80}"
1772633474.239,136,BTCUSDT,queue_consumption,depth_update,bid,,715695,361,,,"{""fill_assumption_profile"": ""base"", ""modeled_lots"": 361, ""observed_lots"": 361, ""overlap_netted_lots"": 0, ""overlap_window_seconds"": 0.125, ""queue_consumed_lots"": 0, ""unmatched_lots"": 361}"
1772633474.239,137,BTCUSDT,queue_consumption,depth_update,bid,,715696,954,,,"{""fill_assumption_profile"": ""base"", ""modeled_lots"": 954, ""observed_lots"": 954, ""overlap_netted_lots"": 0, ""overlap_window_seconds"": 0.125, ""queue_consumed_lots"": 0, ""unmatched_lots"": 954}"
1772633474.239,138,BTCUSDT,queue_consumption,depth_update,bid,,715700,4,,,"{""fill_assumption_profile"": ""base"", ""modeled_lots"": 4, ""observed_lots"": 4, ""overlap_netted_lots"": 0, ""overlap_window_seconds"": 0.125, ""queue_consumed_lots"": 0, ""unmatched_lots"": 4}"
1772633474.239,139,BTCUSDT,queue_consumption,depth_update,bid,,715703,3,,,"{""fill_assumption_profile"": ""base"", ""modeled_lots"": 3, ""observed_lots"": 3, ""overlap_netted_lots"": 0, ""overlap_window_seconds"": 0.125, ""queue_consumed_lots"": 0, ""unmatched_lots"": 3}"
1772633474.239,140,BTCUSDT,queue_consumption,depth_update,bid,,715706,4,,,"{""fill_assumption_profile"": ""base"", ""modeled_lots"": 4, ""observed_lots"": 4, ""overlap_netted_lots"": 0, ""overlap_window_seconds"": 0.125, ""queue_consumed_lots"": 0, ""unmatched_lots"": 4}"
1772633474.239,141,BTCUSDT,queue_consumption,depth_update,bid,,715710,302,,,"{""fill_assumption_profile"": ""base"", ""modeled_lots"": 302, ""observed_lots"": 302, ""overlap_netted_lots"": 0, ""overlap_window_seconds"": 0.125, ""queue_consumed_lots"": 0, ""unmatched_lots"": 302}"
1772633474.239,142,BTCUSDT,queue_consumption,depth_update,bid,,715712,672,,,"{""fill_assumption_profile"": ""base"", ""modeled_lots"": 672, ""observed_lots"": 672, ""overlap_netted_lots"": 0, ""overlap_window_seconds"": 0.125, ""queue_consumed_lots"": 0, ""unmatched_lots"": 672}"
1772633474.239,143,BTCUSDT,queue_consumption,depth_update,bid,,715715,2138,,,"{""fill_assumption_profile"": ""base"", ""modeled_lots"": 2138, ""observed_lots"": 2138, ""overlap_netted_lots"": 0, ""overlap_window_seconds"": 0.125, ""queue_consumed_lots"": 0, ""unmatched_lots"": 2138}"
1772633474.239,144,BTCUSDT,queue_consumption,depth_update,bid,,715716,735,,,"{""fill_assumption_profile"": ""base"", ""modeled_lots"": 735, ""observed_lots"": 735, ""overlap_netted_lots"": 0, ""overlap_window_seconds"": 0.125, ""queue_consumed_lots"": 0, ""unmatched_lots"": 735}"
1772633474.239,145,BTCUSDT,queue_consumption,depth_update,bid,,715718,20,,,"{""fill_assumption_profile"": ""base"", ""modeled_lots"": 20, ""observed_lots"": 20, ""overlap_netted_lots"": 0, ""overlap_window_seconds"": 0.125, ""queue_consumed_lots"": 0, ""unmatched_lots"": 20}"
1772633474.239,146,BTCUSDT,queue_consumption,depth_update,bid,,715720,7,,,"{""fill_assumption_profile"": ""base"", ""modeled_lots"": 7, ""observed_lots"": 7, ""overlap_netted_lots"": 0, ""overlap_window_seconds"": 0.125, ""queue_consumed_lots"": 0, ""unmatched_lots"": 7}"
1772633474.239,147,BTCUSDT,queue_consumption,depth_update,bid,,715728,2,,,"{""fill_assumption_profile"": ""base"", ""modeled_lots"": 2, ""observed_lots"": 2, ""overlap_netted_lots"": 0, ""overlap_window_seconds"": 0.125, ""queue_consumed_lots"": 0, ""unmatched_lots"": 2}"
1772633474.239,148,BTCUSDT,queue_consumption,depth_update,bid,,715729,839,,,"{""fill_assumption_profile"": ""base"", ""modeled_lots"": 839, ""observed_lots"": 839, ""overlap_netted_lots"": 0, ""overlap_window_seconds"": 0.125, ""queue_consumed_lots"": 0, ""unmatched_lots"": 839}"
1772633474.239,149,BTCUSDT,queue_consumption,depth_update,bid,,715732,2,,,"{""fill_assumption_profile"": ""base"", ""modeled_lots"": 2, ""observed_lots"": 2, ""overlap_netted_lots"": 0, ""overlap_window_seconds"": 0.125, ""queue_consumed_lots"": 0, ""unmatched_lots"": 2}"
1772633474.239,150,BTCUSDT,queue_consumption,depth_update,bid,,715735,4,,,"{""fill_assumption_profile"": ""base"", ""modeled_lots"": 4, ""observed_lots"": 4, ""overlap_netted_lots"": 0, ""overlap_window_seconds"": 0.125, ""queue_consumed_lots"": 0, ""unmatched_lots"": 4}"
1772633474.239,151,BTCUSDT,queue_consumption,depth_update,bid,,715738,80,,,"{""fill_assumption_profile"": ""base"", ""modeled_lots"": 80, ""observed_lots"": 80, ""overlap_netted_lots"": 0, ""overlap_window_seconds"": 0.125, ""queue_consumed_lots"": 0, ""unmatched_lots"": 80}"
1772633474.239,152,BTCUSDT,queue_consumption,depth_update,bid,,715742,307,,,"{""fill_assumption_profile"": ""base"", ""modeled_lots"": 307, ""observed_lots"": 307, ""overlap_netted_lots"": 0, ""overlap_window_seconds"": 0.125, ""queue_consumed_lots"": 0, ""unmatched_lots"": 307}"
1772633474.239,153,BTCUSDT,queue_consumption,depth_update,bid,,715752,836,,,"{""fill_assumption_profile"": ""base"", ""modeled_lots"": 836, ""observed_lots"": 836, ""overlap_netted_lots"": 0, ""overlap_window_seconds"": 0.125, ""queue_consumed_lots"": 0, ""unmatched_lots"": 836}"
1772633474.239,154,BTCUSDT,queue_consumption,depth_update,bid,,715755,144,,,"{""fill_assumption_profile"": ""base"", ""modeled_lots"": 144, ""observed_lots"": 144, ""overlap_netted_lots"": 0, ""overlap_window_seconds"": 0.125, ""queue_consumed_lots"": 0, ""unmatched_lots"": 144}"
1772633474.239,155,BTCUSDT,queue_consumption,depth_update,bid,,715761,1,,,"{""fill_assumption_profile"": ""base"", ""modeled_lots"": 1, ""observed_lots"": 1, ""overlap_netted_lots"": 0, ""overlap_window_seconds"": 0.125, ""queue_consumed_lots"": 0, ""unmatched_lots"": 1}"
1772633474.239,156,BTCUSDT,queue_consumption,depth_update,bid,,715770,672,,,"{""fill_assumption_profile"": ""base"", ""modeled_lots"": 672, ""observed_lots"": 672, ""overlap_netted_lots"": 0, ""overlap_window_seconds"": 0.125, ""queue_consumed_lots"": 0, ""unmatched_lots"": 672}"
1772633474.239,157,BTCUSDT,queue_consumption,depth_update,bid,,715771,12,,,"{""fill_assumption_profile"": ""base"", ""modeled_lots"": 12, ""observed_lots"": 12, ""overlap_netted_lots"": 0, ""overlap_window_seconds"": 0.125, ""queue_consumed_lots"": 0, ""unmatched_lots"": 12}"
1772633474.239,158,BTCUSDT,queue_consumption,depth_update,bid,,715774,3,,,"{""fill_assumption_profile"": ""base"", ""modeled_lots"": 3, ""observed_lots"": 3, ""overlap_netted_lots"": 0, ""overlap_window_seconds"": 0.125, ""queue_consumed_lots"": 0, ""unmatched_lots"": 3}"
1772633474.239,159,BTCUSDT,queue_consumption,depth_update,bid,,715778,6,,,"{""fill_assumption_profile"": ""base"", ""modeled_lots"": 6, ""observed_lots"": 6, ""overlap_netted_lots"": 0, ""overlap_window_seconds"": 0.125, ""queue_consumed_lots"": 0, ""unmatched_lots"": 6}"
1772633474.239,160,BTCUSDT,queue_consumption,depth_update,bid,,715779,2096,,,"{""fill_assumption_profile"": ""base"", ""modeled_lots"": 2096, ""observed_lots"": 2096, ""overlap_netted_lots"": 0, ""overlap_window_seconds"": 0.125, ""queue_consumed_lots"": 0, ""unmatched_lots"": 2096}"
1772633474.239,161,BTCUSDT,queue_consumption,depth_update,bid,,715780,72,,,"{""fill_assumption_profile"": ""base"", ""modeled_lots"": 72, ""observed_lots"": 72, ""overlap_netted_lots"": 0, ""overlap_window_seconds"": 0.125, ""queue_consumed_lots"": 0, ""unmatched_lots"": 72}"
1772633474.239,162,BTCUSDT,queue_consumption,depth_update,bid,,715781,839,,,"{""fill_assumption_profile"": ""base"", ""modeled_lots"": 839, ""observed_lots"": 839, ""overlap_netted_lots"": 0, ""overlap_window_seconds"": 0.125, ""queue_consumed_lots"": 0, ""unmatched_lots"": 839}"
1772633474.239,163,BTCUSDT,queue_consumption,depth_update,bid,,715782,853,,,"{""fill_assumption_profile"": ""base"", ""modeled_lots"": 853, ""observed_lots"": 853, ""overlap_netted_lots"": 0, ""overlap_window_seconds"": 0.125, ""queue_consumed_lots"": 0, ""unmatched_lots"": 853}"
1772633474.239,164,BTCUSDT,queue_consumption,depth_update,bid,,715783,280,,,"{""fill_assumption_profile"": ""base"", ""modeled_lots"": 280, ""observed_lots"": 280, ""overlap_netted_lots"": 0, ""overlap_window_seconds"": 0.125, ""queue_consumed_lots"": 0, ""unmatched_lots"": 280}"
1772633474.239,165,BTCUSDT,queue_consumption,depth_update,bid,,715787,628,,,"{""fill_assumption_profile"": ""base"", ""modeled_lots"": 628, ""observed_lots"": 628, ""overlap_netted_lots"": 0, ""overlap_window_seconds"": 0.125, ""queue_consumed_lots"": 0, ""unmatched_lots"": 628}"
1772633474.239,166,BTCUSDT,queue_consumption,depth_update,bid,,715789,69,,,"{""fill_assumption_profile"": ""base"", ""modeled_lots"": 69, ""observed_lots"": 69, ""overlap_netted_lots"": 0, ""overlap_window_seconds"": 0.125, ""queue_consumed_lots"": 0, ""unmatched_lots"": 69}"
1772633474.239,167,BTCUSDT,queue_consumption,depth_update,bid,,715792,361,,,"{""fill_assumption_profile"": ""base"", ""modeled_lots"": 361, ""observed_lots"": 361, ""overlap_netted_lots"": 0, ""overlap_window_seconds"": 0.125, ""queue_consumed_lots"": 0, ""unmatched_lots"": 361}"
1772633474.239,168,BTCUSDT,queue_consumption,depth_update,bid,,715793,508,,,"{""fill_assumption_profile"": ""base"", ""modeled_lots"": 508, ""observed_lots"": 508, ""overlap_netted_lots"": 0, ""overlap_window_seconds"": 0.125, ""queue_consumed_lots"": 0, ""unmatched_lots"": 508}"
1772633474.239,169,BTCUSDT,queue_consumption,depth_update,bid,,715794,631,,,"{""fill_assumption_profile"": ""base"", ""modeled_lots"": 631, ""observed_lots"": 631, ""overlap_netted_lots"": 0, ""overlap_window_seconds"": 0.125, ""queue_consumed_lots"": 0, ""unmatched_lots"": 631}"
1772633474.239,170,BTCUSDT,queue_consumption,depth_update,bid,,715795,219,,,"{""fill_assumption_profile"": ""base"", ""modeled_lots"": 219, ""observed_lots"": 219, ""overlap_netted_lots"": 0, ""overlap_window_seconds"": 0.125, ""queue_consumed_lots"": 0, ""unmatched_lots"": 219}"
1772633474.239,171,BTCUSDT,queue_consumption,depth_update,bid,,715796,1427,,,"{""fill_assumption_profile"": ""base"", ""modeled_lots"": 1427, ""observed_lots"": 1427, ""overlap_netted_lots"": 0, ""overlap_window_seconds"": 0.125, ""queue_consumed_lots"": 0, ""unmatched_lots"": 1427}"
1772633474.239,172,BTCUSDT,queue_consumption,depth_update,bid,,715799,110,,,"{""fill_assumption_profile"": ""base"", ""modeled_lots"": 110, ""observed_lots"": 110, ""overlap_netted_lots"": 0, ""overlap_window_seconds"": 0.125, ""queue_consumed_lots"": 0, ""unmatched_lots"": 110}"
1772633474.239,173,BTCUSDT,queue_consumption,depth_update,bid,,715800,181,,,"{""fill_assumption_profile"": ""base"", ""modeled_lots"": 181, ""observed_lots"": 181, ""overlap_netted_lots"": 0, ""overlap_window_seconds"": 0.125, ""queue_consumed_lots"": 0, ""unmatched_lots"": 181}"
1772633474.239,174,BTCUSDT,queue_consumption,depth_update,bid,,715801,49,,,"{""fill_assumption_profile"": ""base"", ""modeled_lots"": 49, ""observed_lots"": 49, ""overlap_netted_lots"": 0, ""overlap_window_seconds"": 0.125, ""queue_consumed_lots"": 0, ""unmatched_lots"": 49}"
1772633474.239,175,BTCUSDT,queue_consumption,depth_update,bid,,715802,98,,,"{""fill_assumption_profile"": ""base"", ""modeled_lots"": 98, ""observed_lots"": 98, ""overlap_netted_lots"": 0, ""overlap_window_seconds"": 0.125, ""queue_consumed_lots"": 0, ""unmatched_lots"": 98}"
1772633474.239,176,BTCUSDT,queue_consumption,depth_update,bid,,715803,105,,,"{""fill_assumption_profile"": ""base"", ""modeled_lots"": 105, ""observed_lots"": 105, ""overlap_netted_lots"": 0, ""overlap_window_seconds"": 0.125, ""queue_consumed_lots"": 0, ""unmatched_lots"": 105}"
1772633474.239,177,BTCUSDT,queue_consumption,depth_update,bid,,715804,194,,,"{""fill_assumption_profile"": ""base"", ""modeled_lots"": 194, ""observed_lots"": 194, ""overlap_netted_lots"": 0, ""overlap_window_seconds"": 0.125, ""queue_consumed_lots"": 0, ""unmatched_lots"": 194}"
1772633474.239,178,BTCUSDT,queue_consumption,depth_update,bid,,715805,280,,,"{""fill_assumption_profile"": ""base"", ""modeled_lots"": 280, ""observed_lots"": 280, ""overlap_netted_lots"": 0, ""overlap_window_seconds"": 0.125, ""queue_consumed_lots"": 0, ""unmatched_lots"": 280}"
1772633474.239,179,BTCUSDT,queue_consumption,depth_update,bid,,715806,117,,,"{""fill_assumption_profile"": ""base"", ""modeled_lots"": 117, ""observed_lots"": 117, ""overlap_netted_lots"": 0, ""overlap_window_seconds"": 0.125, ""queue_consumed_lots"": 0, ""unmatched_lots"": 117}"
1772633474.239,180,BTCUSDT,queue_consumption,depth_update,bid,,715807,103,,,"{""fill_assumption_profile"": ""base"", ""modeled_lots"": 103, ""observed_lots"": 103, ""overlap_netted_lots"": 0, ""overlap_window_seconds"": 0.125, ""queue_consumed_lots"": 0, ""unmatched_lots"": 103}"
1772633474.239,181,BTCUSDT,queue_consumption,depth_update,bid,,715809,50,,,"{""fill_assumption_profile"": ""base"", ""modeled_lots"": 50, ""observed_lots"": 50, ""overlap_netted_lots"": 0, ""overlap_window_seconds"": 0.125, ""queue_consumed_lots"": 0, ""unmatched_lots"": 50}"
1772633474.239,182,BTCUSDT,queue_consumption,depth_update,bid,,715810,78,,,"{""fill_assumption_profile"": ""base"", ""modeled_lots"": 78, ""observed_lots"": 78, ""overlap_netted_lots"": 0, ""overlap_window_seconds"": 0.125, ""queue_consumed_lots"": 0, ""unmatched_lots"": 78}"
1772633474.239,183,BTCUSDT,queue_consumption,depth_update,bid,,715811,1,,,"{""fill_assumption_profile"": ""base"", ""modeled_lots"": 1, ""observed_lots"": 1, ""overlap_netted_lots"": 0, ""overlap_window_seconds"": 0.125, ""queue_consumed_lots"": 0, ""unmatched_lots"": 1}"
1772633474.239,184,BTCUSDT,queue_consumption,depth_update,bid,,715812,839,,,"{""fill_assumption_profile"": ""base"", ""modeled_lots"": 839, ""observed_lots"": 839, ""overlap_netted_lots"": 0, ""overlap_window_seconds"": 0.125, ""queue_consumed_lots"": 0, ""unmatched_lots"": 839}"
1772633474.239,185,BTCUSDT,queue_consumption,depth_update,bid,,715813,74,,,"{""fill_assumption_profile"": ""base"", ""modeled_lots"": 74, ""observed_lots"": 74, ""overlap_netted_lots"": 0, ""overlap_window_seconds"": 0.125, ""queue_consumed_lots"": 0, ""unmatched_lots"": 74}"
1772633474.239,186,BTCUSDT,queue_consumption,depth_update,bid,,715814,280,,,"{""fill_assumption_profile"": ""base"", ""modeled_lots"": 280, ""observed_lots"": 280, ""overlap_netted_lots"": 0, ""overlap_window_seconds"": 0.125, ""queue_consumed_lots"": 0, ""unmatched_lots"": 280}"
1772633474.239,187,BTCUSDT,queue_consumption,depth_update,bid,,715817,18,,,"{""fill_assumption_profile"": ""base"", ""modeled_lots"": 18, ""observed_lots"": 18, ""overlap_netted_lots"": 0, ""overlap_window_seconds"": 0.125, ""queue_consumed_lots"": 0, ""unmatched_lots"": 18}"
1772633474.239,188,BTCUSDT,queue_consumption,depth_update,bid,,715818,8,,,"{""fill_assumption_profile"": ""base"", ""modeled_lots"": 8, ""observed_lots"": 8, ""overlap_netted_lots"": 0, ""overlap_window_seconds"": 0.125, ""queue_consumed_lots"": 0, ""unmatched_lots"": 8}"
1772633474.239,189,BTCUSDT,queue_consumption,depth_update,bid,,715822,738,,,"{""fill_assumption_profile"": ""base"", ""modeled_lots"": 738, ""observed_lots"": 738, ""overlap_netted_lots"": 0, ""overlap_window_seconds"": 0.125, ""queue_consumed_lots"": 0, ""unmatched_lots"": 738}"
1772633474.239,190,BTCUSDT,queue_consumption,depth_update,bid,,715824,349,,,"{""fill_assumption_profile"": ""base"", ""modeled_lots"": 349, ""observed_lots"": 349, ""overlap_netted_lots"": 0, ""overlap_window_seconds"": 0.125, ""queue_consumed_lots"": 0, ""unmatched_lots"": 349}"
1772633474.239,191,BTCUSDT,queue_consumption,depth_update,bid,,715825,396,,,"{""fill_assumption_profile"": ""base"", ""modeled_lots"": 396, ""observed_lots"": 396, ""overlap_netted_lots"": 0, ""overlap_window_seconds"": 0.125, ""queue_consumed_lots"": 0, ""unmatched_lots"": 396}"
1772633474.239,192,BTCUSDT,queue_consumption,depth_update,bid,,715826,347,,,"{""fill_assumption_profile"": ""base"", ""modeled_lots"": 347, ""observed_lots"": 347, ""overlap_netted_lots"": 0, ""overlap_window_seconds"": 0.125, ""queue_consumed_lots"": 0, ""unmatched_lots"": 347}"
1772633474.239,193,BTCUSDT,queue_consumption,depth_update,bid,,715832,70,,,"{""fill_assumption_profile"": ""base"", ""modeled_lots"": 70, ""observed_lots"": 70, ""overlap_netted_lots"": 0, ""overlap_window_seconds"": 0.125, ""queue_consumed_lots"": 0, ""unmatched_lots"": 70}"
1772633474.239,194,BTCUSDT,queue_consumption,depth_update,bid,,715835,688,,,"{""fill_assumption_profile"": ""base"", ""modeled_lots"": 688, ""observed_lots"": 688, ""overlap_netted_lots"": 0, ""overlap_window_seconds"": 0.125, ""queue_consumed_lots"": 0, ""unmatched_lots"": 688}"
1772633474.239,195,BTCUSDT,queue_consumption,depth_update,bid,,715837,26,,,"{""fill_assumption_profile"": ""base"", ""modeled_lots"": 26, ""observed_lots"": 26, ""overlap_netted_lots"": 0, ""overlap_window_seconds"": 0.125, ""queue_consumed_lots"": 0, ""unmatched_lots"": 26}"
1772633474.239,196,BTCUSDT,queue_consumption,depth_update,bid,,715840,72,,,"{""fill_assumption_profile"": ""base"", ""modeled_lots"": 72, ""observed_lots"": 72, ""overlap_netted_lots"": 0, ""overlap_window_seconds"": 0.125, ""queue_consumed_lots"": 0, ""unmatched_lots"": 72}"
1772633474.239,197,BTCUSDT,queue_consumption,depth_update,bid,,715841,700,,,"{""fill_assumption_profile"": ""base"", ""modeled_lots"": 700, ""observed_lots"": 700, ""overlap_netted_lots"": 0, ""overlap_window_seconds"": 0.125, ""queue_consumed_lots"": 0, ""unmatched_lots"": 700}"
1772633474.239,198,BTCUSDT,queue_consumption,depth_update,bid,,715843,8,,,"{""fill_assumption_profile"": ""base"", ""modeled_lots"": 8, ""observed_lots"": 8, ""overlap_netted_lots"": 0, ""overlap_window_seconds"": 0.125, ""queue_consumed_lots"": 0, ""unmatched_lots"": 8}"
1772633474.239,199,BTCUSDT,queue_consumption,depth_update,bid,,715844,2,,,"{""fill_assumption_profile"": ""base"", ""modeled_lots"": 2, ""observed_lots"": 2, ""overlap_netted_lots"": 0, ""overlap_window_seconds"": 0.125, ""queue_consumed_lots"": 0, ""unmatched_lots"": 2}"
1772633474.239,200,BTCUSDT,queue_consumption,depth_update,bid,,715849,3,,,"{""fill_assumption_profile"": ""base"", ""modeled_lots"": 3, ""observed_lots"": 3, ""overlap_netted_lots"": 0, ""overlap_window_seconds"": 0.125, ""queue_consumed_lots"": 0, ""unmatched_lots"": 3}"
1772633474.239,201,BTCUSDT,queue_consumption,depth_update,bid,,715850,8,,,"{""fill_assumption_profile"": ""base"", ""modeled_lots"": 8, ""observed_lots"": 8, ""overlap_netted_lots"": 0, ""overlap_window_seconds"": 0.125, ""queue_consumed_lots"": 0, ""unmatched_lots"": 8}"
1772633474.239,202,BTCUSDT,queue_consumption,depth_update,bid,,715852,139,,,"{""fill_assumption_profile"": ""base"", ""modeled_lots"": 139, ""observed_lots"": 139, ""overlap_netted_lots"": 0, ""overlap_window_seconds"": 0.125, ""queue_consumed_lots"": 0, ""unmatched_lots"": 139}"
1772633474.239,203,BTCUSDT,queue_consumption,depth_update,bid,,715853,2,,,"{""fill_assumption_profile"": ""base"", ""modeled_lots"": 2, ""observed_lots"": 2, ""overlap_netted_lots"": 0, ""overlap_window_seconds"": 0.125, ""queue_consumed_lots"": 0, ""unmatched_lots"": 2}"
1772633474.239,204,BTCUSDT,queue_consumption,depth_update,bid,,715857,11,,,"{""fill_assumption_profile"": ""base"", ""modeled_lots"": 11, ""observed_lots"": 11, ""overlap_netted_lots"": 0, ""overlap_window_seconds"": 0.125, ""queue_consumed_lots"": 0, ""unmatched_lots"": 11}"
1772633474.239,205,BTCUSDT,queue_consumption,depth_update,bid,,715858,279,,,"{""fill_assumption_profile"": ""base"", ""modeled_lots"": 279, ""observed_lots"": 279, ""overlap_netted_lots"": 0, ""overlap_window_seconds"": 0.125, ""queue_consumed_lots"": 0, ""unmatched_lots"": 279}"
1772633474.239,206,BTCUSDT,queue_consumption,depth_update,bid,,715859,503,,,"{""fill_assumption_profile"": ""base"", ""modeled_lots"": 503, ""observed_lots"": 503, ""overlap_netted_lots"": 0, ""overlap_window_seconds"": 0.125, ""queue_consumed_lots"": 0, ""unmatched_lots"": 503}"
1772633474.239,207,BTCUSDT,queue_consumption,depth_update,bid,,715864,10,,,"{""fill_assumption_profile"": ""base"", ""modeled_lots"": 10, ""observed_lots"": 10, ""overlap_netted_lots"": 0, ""overlap_window_seconds"": 0.125, ""queue_consumed_lots"": 0, ""unmatched_lots"": 10}"
1772633474.239,208,BTCUSDT,queue_consumption,depth_update,bid,,715873,4,,,"{""fill_assumption_profile"": ""base"", ""modeled_lots"": 4, ""observed_lots"": 4, ""overlap_netted_lots"": 0, ""overlap_window_seconds"": 0.125, ""queue_consumed_lots"": 0, ""unmatched_lots"": 4}"
1772633474.239,209,BTCUSDT,queue_consumption,depth_update,bid,,715874,2938,,,"{""fill_assumption_profile"": ""base"", ""modeled_lots"": 2938, ""observed_lots"": 2938, ""overlap_netted_lots"": 0, ""overlap_window_seconds"": 0.125, ""queue_consumed_lots"": 0, ""unmatched_lots"": 2938}"
1772633474.239,210,BTCUSDT,queue_consumption,depth_update,bid,,715875,1255,,,"{""fill_assumption_profile"": ""base"", ""modeled_lots"": 1255, ""observed_lots"": 1255, ""overlap_netted_lots"": 0, ""overlap_window_seconds"": 0.125, ""queue_consumed_lots"": 0, ""unmatched_lots"": 1255}"
1772633474.239,211,BTCUSDT,queue_consumption,depth_update,bid,,715880,248,,,"{""fill_assumption_profile"": ""base"", ""modeled_lots"": 248, ""observed_lots"": 248, ""overlap_netted_lots"": 0, ""overlap_window_seconds"": 0.125, ""queue_consumed_lots"": 0, ""unmatched_lots"": 248}"
1772633474.239,212,BTCUSDT,queue_consumption,depth_update,bid,,715882,2,,,"{""fill_assumption_profile"": ""base"", ""modeled_lots"": 2, ""observed_lots"": 2, ""overlap_netted_lots"": 0, ""overlap_window_seconds"": 0.125, ""queue_consumed_lots"": 0, ""unmatched_lots"": 2}"
1772633474.239,213,BTCUSDT,queue_consumption,depth_update,bid,,715885,4,,,"{""fill_assumption_profile"": ""base"", ""modeled_lots"": 4, ""observed_lots"": 4, ""overlap_netted_lots"": 0, ""overlap_window_seconds"": 0.125, ""queue_consumed_lots"": 0, ""unmatched_lots"": 4}"
1772633474.239,214,BTCUSDT,queue_consumption,depth_update,bid,,715886,41,,,"{""fill_assumption_profile"": ""base"", ""modeled_lots"": 41, ""observed_lots"": 41, ""overlap_netted_lots"": 0, ""overlap_window_seconds"": 0.125, ""queue_consumed_lots"": 0, ""unmatched_lots"": 41}"
1772633474.239,215,BTCUSDT,queue_consumption,depth_update,bid,,715888,482,,,"{""fill_assumption_profile"": ""base"", ""modeled_lots"": 482, ""observed_lots"": 482, ""overlap_netted_lots"": 0, ""overlap_window_seconds"": 0.125, ""queue_consumed_lots"": 0, ""unmatched_lots"": 482}"
1772633474.239,216,BTCUSDT,queue_consumption,depth_update,bid,,715889,303,,,"{""fill_assumption_profile"": ""base"", ""modeled_lots"": 303, ""observed_lots"": 303, ""overlap_netted_lots"": 0, ""overlap_window_seconds"": 0.125, ""queue_consumed_lots"": 0, ""unmatched_lots"": 303}"
1772633474.239,217,BTCUSDT,queue_consumption,depth_update,bid,,715893,5,,,"{""fill_assumption_profile"": ""base"", ""modeled_lots"": 5, ""observed_lots"": 5, ""overlap_netted_lots"": 0, ""overlap_window_seconds"": 0.125, ""queue_consumed_lots"": 0, ""unmatched_lots"": 5}"
1772633474.239,218,BTCUSDT,queue_consumption,depth_update,bid,,715895,1450,,,"{""fill_assumption_profile"": ""base"", ""modeled_lots"": 1450, ""observed_lots"": 1450, ""overlap_netted_lots"": 0, ""overlap_window_seconds"": 0.125, ""queue_consumed_lots"": 0, ""unmatched_lots"": 1450}"
1772633474.239,219,BTCUSDT,queue_consumption,depth_update,bid,,715896,841,,,"{""fill_assumption_profile"": ""base"", ""modeled_lots"": 841, ""observed_lots"": 841, ""overlap_netted_lots"": 0, ""overlap_window_seconds"": 0.125, ""queue_consumed_lots"": 0, ""unmatched_lots"": 841}"
1772633474.239,220,BTCUSDT,queue_consumption,depth_update,bid,,715897,562,,,"{""fill_assumption_profile"": ""base"", ""modeled_lots"": 562, ""observed_lots"": 562, ""overlap_netted_lots"": 0, ""overlap_window_seconds"": 0.125, ""queue_consumed_lots"": 0, ""unmatched_lots"": 562}"
1772633474.239,221,BTCUSDT,queue_consumption,depth_update,bid,,715902,2,,,"{""fill_assumption_profile"": ""base"", ""modeled_lots"": 2, ""observed_lots"": 2, ""overlap_netted_lots"": 0, ""overlap_window_seconds"": 0.125, ""queue_consumed_lots"": 0, ""unmatched_lots"": 2}"
1772633474.239,222,BTCUSDT,queue_consumption,depth_update,bid,,715906,2,,,"{""fill_assumption_profile"": ""base"", ""modeled_lots"": 2, ""observed_lots"": 2, ""overlap_netted_lots"": 0, ""overlap_window_seconds"": 0.125, ""queue_consumed_lots"": 0, ""unmatched_lots"": 2}"
1772633474.239,223,BTCUSDT,queue_consumption,depth_update,bid,,715907,2,,,"{""fill_assumption_profile"": ""base"", ""modeled_lots"": 2, ""observed_lots"": 2, ""overlap_netted_lots"": 0, ""overlap_window_seconds"": 0.125, ""queue_consumed_lots"": 0, ""unmatched_lots"": 2}"
1772633474.239,224,BTCUSDT,queue_consumption,depth_update,bid,,715910,160,,,"{""fill_assumption_profile"": ""base"", ""modeled_lots"": 160, ""observed_lots"": 160, ""overlap_netted_lots"": 0, ""overlap_window_seconds"": 0.125, ""queue_consumed_lots"": 0, ""unmatched_lots"": 160}"
1772633474.239,225,BTCUSDT,queue_consumption,depth_update,bid,,715911,26,,,"{""fill_assumption_profile"": ""base"", ""modeled_lots"": 26, ""observed_lots"": 26, ""overlap_netted_lots"": 0, ""overlap_window_seconds"": 0.125, ""queue_consumed_lots"": 0, ""unmatched_lots"": 26}"
1772633474.239,226,BTCUSDT,queue_consumption,depth_update,bid,,715912,4,,,"{""fill_assumption_profile"": ""base"", ""modeled_lots"": 4, ""observed_lots"": 4, ""overlap_netted_lots"": 0, ""overlap_window_seconds"": 0.125, ""queue_consumed_lots"": 0, ""unmatched_lots"": 4}"
1772633474.239,227,BTCUSDT,queue_consumption,depth_update,bid,,715916,3,,,"{""fill_assumption_profile"": ""base"", ""modeled_lots"": 3, ""observed_lots"": 3, ""overlap_netted_lots"": 0, ""overlap_window_seconds"": 0.125, ""queue_consumed_lots"": 0, ""unmatched_lots"": 3}"
1772633474.239,228,BTCUSDT,queue_consumption,depth_update,bid,,715917,67,,,"{""fill_assumption_profile"": ""base"", ""modeled_lots"": 67, ""observed_lots"": 67, ""overlap_netted_lots"": 0, ""overlap_window_seconds"": 0.125, ""queue_consumed_lots"": 0, ""unmatched_lots"": 67}"
1772633474.239,229,BTCUSDT,queue_consumption,depth_update,bid,,715918,12,,,"{""fill_assumption_profile"": ""base"", ""modeled_lots"": 12, ""observed_lots"": 12, ""overlap_netted_lots"": 0, ""overlap_window_seconds"": 0.125, ""queue_consumed_lots"": 0, ""unmatched_lots"": 12}"
1772633474.239,230,BTCUSDT,queue_consumption,depth_update,bid,,715919,6,,,"{""fill_assumption_profile"": ""base"", ""modeled_lots"": 6, ""observed_lots"": 6, ""overlap_netted_lots"": 0, ""overlap_window_seconds"": 0.125, ""queue_consumed_lots"": 0, ""unmatched_lots"": 6}"
1772633474.239,231,BTCUSDT,queue_consumption,depth_update,bid,,715921,345,,,"{""fill_assumption_profile"": ""base"", ""modeled_lots"": 345, ""observed_lots"": 345, ""overlap_netted_lots"": 0, ""overlap_window_seconds"": 0.125, ""queue_consumed_lots"": 0, ""unmatched_lots"": 345}"
1772633474.239,232,BTCUSDT,queue_consumption,depth_update,bid,,715922,647,,,"{""fill_assumption_profile"": ""base"", ""modeled_lots"": 647, ""observed_lots"": 647, ""overlap_netted_lots"": 0, ""overlap_window_seconds"": 0.125, ""queue_consumed_lots"": 0, ""unmatched_lots"": 647}"
1772633474.239,233,BTCUSDT,queue_consumption,depth_update,bid,,715924,30,,,"{""fill_assumption_profile"": ""base"", ""modeled_lots"": 30, ""observed_lots"": 30, ""overlap_netted_lots"": 0, ""overlap_window_seconds"": 0.125, ""queue_consumed_lots"": 0, ""unmatched_lots"": 30}"
1772633474.239,234,BTCUSDT,queue_consumption,depth_update,bid,,715925,252,,,"{""fill_assumption_profile"": ""base"", ""modeled_lots"": 252, ""observed_lots"": 252, ""overlap_netted_lots"": 0, ""overlap_window_seconds"": 0.125, ""queue_consumed_lots"": 0, ""unmatched_lots"": 252}"
1772633474.239,235,BTCUSDT,queue_consumption,depth_update,bid,,715927,10,,,"{""fill_assumption_profile"": ""base"", ""modeled_lots"": 10, ""observed_lots"": 10, ""overlap_netted_lots"": 0, ""overlap_window_seconds"": 0.125, ""queue_consumed_lots"": 0, ""unmatched_lots"": 10}"
1772633474.239,236,BTCUSDT,queue_consumption,depth_update,bid,,715928,59,,,"{""fill_assumption_profile"": ""base"", ""modeled_lots"": 59, ""observed_lots"": 59, ""overlap_netted_lots"": 0, ""overlap_window_seconds"": 0.125, ""queue_consumed_lots"": 0, ""unmatched_lots"": 59}"
1772633474.239,237,BTCUSDT,queue_consumption,depth_update,bid,,715930,839,,,"{""fill_assumption_profile"": ""base"", ""modeled_lots"": 839, ""observed_lots"": 839, ""overlap_netted_lots"": 0, ""overlap_window_seconds"": 0.125, ""queue_consumed_lots"": 0, ""unmatched_lots"": 839}"
1772633474.239,238,BTCUSDT,queue_consumption,depth_update,bid,,715931,425,,,"{""fill_assumption_profile"": ""base"", ""modeled_lots"": 425, ""observed_lots"": 425, ""overlap_netted_lots"": 0, ""overlap_window_seconds"": 0.125, ""queue_consumed_lots"": 0, ""unmatched_lots"": 425}"
1772633474.239,239,BTCUSDT,queue_consumption,depth_update,bid,,715932,2098,,,"{""fill_assumption_profile"": ""base"", ""modeled_lots"": 2098, ""observed_lots"": 2098, ""overlap_netted_lots"": 0, ""overlap_window_seconds"": 0.125, ""queue_consumed_lots"": 0, ""unmatched_lots"": 2098}"
1772633474.239,240,BTCUSDT,queue_consumption,depth_update,bid,,715933,2,,,"{""fill_assumption_profile"": ""base"", ""modeled_lots"": 2, ""observed_lots"": 2, ""overlap_netted_lots"": 0, ""overlap_window_seconds"": 0.125, ""queue_consumed_lots"": 0, ""unmatched_lots"": 2}"
1772633474.239,241,BTCUSDT,queue_consumption,depth_update,bid,,715934,283,,,"{""fill_assumption_profile"": ""base"", ""modeled_lots"": 283, ""observed_lots"": 283, ""overlap_netted_lots"": 0, ""overlap_window_seconds"": 0.125, ""queue_consumed_lots"": 0, ""unmatched_lots"": 283}"
1772633474.239,242,BTCUSDT,queue_consumption,depth_update,bid,,715938,5,,,"{""fill_assumption_profile"": ""base"", ""modeled_lots"": 5, ""observed_lots"": 5, ""overlap_netted_lots"": 0, ""overlap_window_seconds"": 0.125, ""queue_consumed_lots"": 0, ""unmatched_lots"": 5}"
1772633474.239,243,BTCUSDT,queue_consumption,depth_update,bid,,715939,3,,,"{""fill_assumption_profile"": ""base"", ""modeled_lots"": 3, ""observed_lots"": 3, ""overlap_netted_lots"": 0, ""overlap_window_seconds"": 0.125, ""queue_consumed_lots"": 0, ""unmatched_lots"": 3}"
1772633474.239,244,BTCUSDT,queue_consumption,depth_update,bid,,715941,1,,,"{""fill_assumption_profile"": ""base"", ""modeled_lots"": 1, ""observed_lots"": 1, ""overlap_netted_lots"": 0, ""overlap_window_seconds"": 0.125, ""queue_consumed_lots"": 0, ""unmatched_lots"": 1}"
1772633474.239,245,BTCUSDT,queue_consumption,depth_update,bid,,715944,266,,,"{""fill_assumption_profile"": ""base"", ""modeled_lots"": 266, ""observed_lots"": 266, ""overlap_netted_lots"": 0, ""overlap_window_seconds"": 0.125, ""queue_consumed_lots"": 0, ""unmatched_lots"": 266}"
1772633474.239,246,BTCUSDT,queue_consumption,depth_update,bid,,715945,3,,,"{""fill_assumption_profile"": ""base"", ""modeled_lots"": 3, ""observed_lots"": 3, ""overlap_netted_lots"": 0, ""overlap_window_seconds"": 0.125, ""queue_consumed_lots"": 0, ""unmatched_lots"": 3}"
1772633474.239,247,BTCUSDT,queue_consumption,depth_update,bid,,715946,2,,,"{""fill_assumption_profile"": ""base"", ""modeled_lots"": 2, ""observed_lots"": 2, ""overlap_netted_lots"": 0, ""overlap_window_seconds"": 0.125, ""queue_consumed_lots"": 0, ""unmatched_lots"": 2}"
1772633474.239,248,BTCUSDT,queue_consumption,depth_update,bid,,715947,35,,,"{""fill_assumption_profile"": ""base"", ""modeled_lots"": 35, ""observed_lots"": 35, ""overlap_netted_lots"": 0, ""overlap_window_seconds"": 0.125, ""queue_consumed_lots"": 0, ""unmatched_lots"": 35}"
1772633474.239,249,BTCUSDT,queue_consumption,depth_update,bid,,715949,1,,,"{""fill_assumption_profile"": ""base"", ""modeled_lots"": 1, ""observed_lots"": 1, ""overlap_netted_lots"": 0, ""overlap_window_seconds"": 0.125, ""queue_consumed_lots"": 0, ""unmatched_lots"": 1}"
1772633474.239,250,BTCUSDT,queue_consumption,depth_update,bid,,715950,9,,,"{""fill_assumption_profile"": ""base"", ""modeled_lots"": 9, ""observed_lots"": 9, ""overlap_netted_lots"": 0, ""overlap_window_seconds"": 0.125, ""queue_consumed_lots"": 0, ""unmatched_lots"": 9}"
1772633474.239,251,BTCUSDT,queue_consumption,depth_update,bid,,715956,1,,,"{""fill_assumption_profile"": ""base"", ""modeled_lots"": 1, ""observed_lots"": 1, ""overlap_netted_lots"": 0, ""overlap_window_seconds"": 0.125, ""queue_consumed_lots"": 0, ""unmatched_lots"": 1}"
1772633474.239,252,BTCUSDT,queue_consumption,depth_update,bid,,715957,3,,,"{""fill_assumption_profile"": ""base"", ""modeled_lots"": 3, ""observed_lots"": 3, ""overlap_netted_lots"": 0, ""overlap_window_seconds"": 0.125, ""queue_consumed_lots"": 0, ""unmatched_lots"": 3}"
1772633474.239,253,BTCUSDT,queue_consumption,depth_update,bid,,715958,672,,,"{""fill_assumption_profile"": ""base"", ""modeled_lots"": 670, ""observed_lots"": 672, ""overlap_netted_lots"": 2, ""overlap_window_seconds"": 0.125, ""queue_consumed_lots"": 0, ""unmatched_lots"": 670}"
1772633474.239,254,BTCUSDT,queue_consumption,depth_update,bid,,715959,7,,,"{""fill_assumption_profile"": ""base"", ""modeled_lots"": 2, ""observed_lots"": 7, ""overlap_netted_lots"": 5, ""overlap_window_seconds"": 0.125, ""queue_consumed_lots"": 0, ""unmatched_lots"": 2}"
1772633474.239,255,BTCUSDT,queue_consumption,depth_update,bid,,715960,843,,,"{""fill_assumption_profile"": ""base"", ""modeled_lots"": 841, ""observed_lots"": 843, ""overlap_netted_lots"": 2, ""overlap_window_seconds"": 0.125, ""queue_consumed_lots"": 0, ""unmatched_lots"": 841}"
1772633474.239,256,BTCUSDT,queue_consumption,depth_update,bid,,715961,183,,,"{""fill_assumption_profile"": ""base"", ""modeled_lots"": 139, ""observed_lots"": 183, ""overlap_netted_lots"": 44, ""overlap_window_seconds"": 0.125, ""queue_consumed_lots"": 0, ""unmatched_lots"": 139}"
1772633474.239,257,BTCUSDT,queue_consumption,depth_update,bid,,715962,54,,,"{""fill_assumption_profile"": ""base"", ""modeled_lots"": 0, ""observed_lots"": 54, ""overlap_netted_lots"": 54, ""overlap_window_seconds"": 0.125, ""queue_consumed_lots"": 0, ""unmatched_lots"": 0}"
1772633474.239,258,BTCUSDT,queue_consumption,depth_update,bid,,715963,622,,,"{""fill_assumption_profile"": ""base"", ""modeled_lots"": 622, ""observed_lots"": 622, ""overlap_netted_lots"": 0, ""overlap_window_seconds"": 0.125, ""queue_consumed_lots"": 0, ""unmatched_lots"": 622}"
1772633474.239,259,BTCUSDT,queue_consumption,depth_update,bid,,715964,144,,,"{""fill_assumption_profile"": ""base"", ""modeled_lots"": 144, ""observed_lots"": 144, ""overlap_netted_lots"": 0, ""overlap_window_seconds"": 0.125, ""queue_consumed_lots"": 0, ""unmatched_lots"": 144}"
1772633474.239,260,BTCUSDT,queue_consumption,depth_update,bid,,715965,2,,,"{""fill_assumption_profile"": ""base"", ""modeled_lots"": 2, ""observed_lots"": 2, ""overlap_netted_lots"": 0, ""overlap_window_seconds"": 0.125, ""queue_consumed_lots"": 0, ""unmatched_lots"": 2}"
1772633474.239,261,BTCUSDT,queue_consumption,depth_update,bid,,715966,45,,,"{""fill_assumption_profile"": ""base"", ""modeled_lots"": 45, ""observed_lots"": 45, ""overlap_netted_lots"": 0, ""overlap_window_seconds"": 0.125, ""queue_consumed_lots"": 0, ""unmatched_lots"": 45}"
1772633474.239,262,BTCUSDT,queue_consumption,depth_update,bid,,715968,7,,,"{""fill_assumption_profile"": ""base"", ""modeled_lots"": 4, ""observed_lots"": 7, ""overlap_netted_lots"": 3, ""overlap_window_seconds"": 0.125, ""queue_consumed_lots"": 0, ""unmatched_lots"": 4}"
1772633474.239,263,BTCUSDT,queue_consumption,depth_update,bid,,715973,3,,,"{""fill_assumption_profile"": ""base"", ""modeled_lots"": 0, ""observed_lots"": 3, ""overlap_netted_lots"": 3, ""overlap_window_seconds"": 0.125, ""queue_consumed_lots"": 0, ""unmatched_lots"": 0}"
1772633474.239,264,BTCUSDT,queue_consumption,depth_update,bid,,715976,4,,,"{""fill_assumption_profile"": ""base"", ""modeled_lots"": 2, ""observed_lots"": 4, ""overlap_netted_lots"": 2, ""overlap_window_seconds"": 0.125, ""queue_consumed_lots"": 0, ""unmatched_lots"": 2}"
1772633474.239,265,BTCUSDT,queue_consumption,depth_update,bid,,715977,2,,,"{""fill_assumption_profile"": ""base"", ""modeled_lots"": 0, ""observed_lots"": 2, ""overlap_netted_lots"": 2, ""overlap_window_seconds"": 0.125, ""queue_consumed_lots"": 0, ""unmatched_lots"": 0}"
1772633474.239,266,BTCUSDT,queue_consumption,depth_update,bid,,715979,2,,,"{""fill_assumption_profile"": ""base"", ""modeled_lots"": 0, ""observed_lots"": 2, ""overlap_netted_lots"": 2, ""overlap_window_seconds"": 0.125, ""queue_consumed_lots"": 0, ""unmatched_lots"": 0}"
1772633474.239,267,BTCUSDT,queue_consumption,depth_update,bid,,715980,3,,,"{""fill_assumption_profile"": ""base"", ""modeled_lots"": 0, ""observed_lots"": 3, ""overlap_netted_lots"": 3, ""overlap_window_seconds"": 0.125, ""queue_consumed_lots"": 0, ""unmatched_lots"": 0}"
1772633474.239,268,BTCUSDT,queue_consumption,depth_update,bid,,715981,22,,,"{""fill_assumption_profile"": ""base"", ""modeled_lots"": 20, ""observed_lots"": 22, ""overlap_netted_lots"": 2, ""overlap_window_seconds"": 0.125, ""queue_consumed_lots"": 0, ""unmatched_lots"": 20}"
1772633474.239,269,BTCUSDT,queue_consumption,depth_update,bid,,715982,17,,,"{""fill_assumption_profile"": ""base"", ""modeled_lots"": 10, ""observed_lots"": 17, ""overlap_netted_lots"": 7, ""overlap_window_seconds"": 0.125, ""queue_consumed_lots"": 0, ""unmatched_lots"": 10}"
1772633474.239,270,BTCUSDT,queue_consumption,depth_update,bid,,715983,2,,,"{""fill_assumption_profile"": ""base"", ""modeled_lots"": 2, ""observed_lots"": 2, ""overlap_netted_lots"": 0, ""overlap_window_seconds"": 0.125, ""queue_consumed_lots"": 0, ""unmatched_lots"": 2}"
1772633474.239,271,BTCUSDT,queue_consumption,depth_update,bid,,715984,37,,,"{""fill_assumption_profile"": ""base"", ""modeled_lots"": 31, ""observed_lots"": 37, ""overlap_netted_lots"": 6, ""overlap_window_seconds"": 0.125, ""queue_consumed_lots"": 0, ""unmatched_lots"": 31}"
1772633474.239,272,BTCUSDT,queue_consumption,depth_update,bid,,715985,14,,,"{""fill_assumption_profile"": ""base"", ""modeled_lots"": 14, ""observed_lots"": 14, ""overlap_netted_lots"": 0, ""overlap_window_seconds"": 0.125, ""queue_consumed_lots"": 0, ""unmatched_lots"": 14}"
1772633474.239,273,BTCUSDT,queue_consumption,depth_update,bid,,715986,2,,,"{""fill_assumption_profile"": ""base"", ""modeled_lots"": 0, ""observed_lots"": 2, ""overlap_netted_lots"": 2, ""overlap_window_seconds"": 0.125, ""queue_consumed_lots"": 0, ""unmatched_lots"": 0}"
1772633474.239,274,BTCUSDT,queue_consumption,depth_update,bid,,715990,2,,,"{""fill_assumption_profile"": ""base"", ""modeled_lots"": 0, ""observed_lots"": 2, ""overlap_netted_lots"": 2, ""overlap_window_seconds"": 0.125, ""queue_consumed_lots"": 0, ""unmatched_lots"": 0}"
1772633474.239,275,BTCUSDT,queue_consumption,depth_update,bid,,715994,2,,,"{""fill_assumption_profile"": ""base"", ""modeled_lots"": 2, ""observed_lots"": 2, ""overlap_netted_lots"": 0, ""overlap_window_seconds"": 0.125, ""queue_consumed_lots"": 0, ""unmatched_lots"": 2}"
1772633474.239,276,BTCUSDT,queue_consumption,depth_update,bid,,715996,2,,,"{""fill_assumption_profile"": ""base"", ""modeled_lots"": 0, ""observed_lots"": 2, ""overlap_netted_lots"": 2, ""overlap_window_seconds"": 0.125, ""queue_consumed_lots"": 0, ""unmatched_lots"": 0}"
1772633474.239,277,BTCUSDT,queue_consumption,depth_update,bid,,715997,1214,,,"{""fill_assumption_profile"": ""base"", ""modeled_lots"": 790, ""observed_lots"": 1214, ""overlap_netted_lots"": 424, ""overlap_window_seconds"": 0.125, ""queue_consumed_lots"": 0, ""unmatched_lots"": 790}"
1772633474.239,278,BTCUSDT,queue_consumption,depth_update,ask,,715998,1575,,,"{""fill_assumption_profile"": ""base"", ""modeled_lots"": 1544, ""observed_lots"": 1575, ""overlap_netted_lots"": 31, ""overlap_window_seconds"": 0.125, ""queue_consumed_lots"": 0, ""unmatched_lots"": 1544}"
1772633474.239,279,BTCUSDT,queue_consumption,depth_update,ask,,716037,20,,,"{""fill_assumption_profile"": ""base"", ""modeled_lots"": 20, ""observed_lots"": 20, ""overlap_netted_lots"": 0, ""overlap_window_seconds"": 0.125, ""queue_consumed_lots"": 0, ""unmatched_lots"": 20}"
1772633474.239,280,BTCUSDT,queue_consumption,depth_update,ask,,716041,124,,,"{""fill_assumption_profile"": ""base"", ""modeled_lots"": 124, ""observed_lots"": 124, ""overlap_netted_lots"": 0, ""overlap_window_seconds"": 0.125, ""queue_consumed_lots"": 0, ""unmatched_lots"": 124}"
1772633474.239,281,BTCUSDT,queue_consumption,depth_update,ask,,716046,3,,,"{""fill_assumption_profile"": ""base"", ""modeled_lots"": 3, ""observed_lots"": 3, ""overlap_netted_lots"": 0, ""overlap_window_seconds"": 0.125, ""queue_consumed_lots"": 0, ""unmatched_lots"": 3}"
1772633474.239,282,BTCUSDT,queue_consumption,depth_update,ask,,716068,2,,,"{""fill_assumption_profile"": ""base"", ""modeled_lots"": 2, ""observed_lots"": 2, ""overlap_netted_lots"": 0, ""overlap_window_seconds"": 0.125, ""queue_consumed_lots"": 0, ""unmatched_lots"": 2}"
1772633474.239,283,BTCUSDT,queue_consumption,depth_update,ask,,716069,1016,,,"{""fill_assumption_profile"": ""base"", ""modeled_lots"": 1016, ""observed_lots"": 1016, ""overlap_netted_lots"": 0, ""overlap_window_seconds"": 0.125, ""queue_consumed_lots"": 0, ""unmatched_lots"": 1016}"
1772633474.239,284,BTCUSDT,queue_consumption,depth_update,ask,,716079,140,,,"{""fill_assumption_profile"": ""base"", ""modeled_lots"": 140, ""observed_lots"": 140, ""overlap_netted_lots"": 0, ""overlap_window_seconds"": 0.125, ""queue_consumed_lots"": 0, ""unmatched_lots"": 140}"
1772633474.239,285,BTCUSDT,queue_consumption,depth_update,ask,,716089,2,,,"{""fill_assumption_profile"": ""base"", ""modeled_lots"": 2, ""observed_lots"": 2, ""overlap_netted_lots"": 0, ""overlap_window_seconds"": 0.125, ""queue_consumed_lots"": 0, ""unmatched_lots"": 2}"
1772633474.239,286,BTCUSDT,queue_consumption,depth_update,ask,,716097,3,,,"{""fill_assumption_profile"": ""base"", ""modeled_lots"": 3, ""observed_lots"": 3, ""overlap_netted_lots"": 0, ""overlap_window_seconds"": 0.125, ""queue_consumed_lots"": 0, ""unmatched_lots"": 3}"
1772633474.239,287,BTCUSDT,queue_consumption,depth_update,ask,,716112,3,,,"{""fill_assumption_profile"": ""base"", ""modeled_lots"": 3, ""observed_lots"": 3, ""overlap_netted_lots"": 0, ""overlap_window_seconds"": 0.125, ""queue_consumed_lots"": 0, ""unmatched_lots"": 3}"
1772633474.239,288,BTCUSDT,queue_consumption,depth_update,ask,,716122,1,,,"{""fill_assumption_profile"": ""base"", ""modeled_lots"": 1, ""observed_lots"": 1, ""overlap_netted_lots"": 0, ""overlap_window_seconds"": 0.125, ""queue_consumed_lots"": 0, ""unmatched_lots"": 1}"
1772633474.239,289,BTCUSDT,queue_consumption,depth_update,ask,,716124,2,,,"{""fill_assumption_profile"": ""base"", ""modeled_lots"": 2, ""observed_lots"": 2, ""overlap_netted_lots"": 0, ""overlap_window_seconds"": 0.125, ""queue_consumed_lots"": 0, ""unmatched_lots"": 2}"
1772633474.239,290,BTCUSDT,queue_consumption,depth_update,ask,,716133,67,,,"{""fill_assumption_profile"": ""base"", ""modeled_lots"": 67, ""observed_lots"": 67, ""overlap_netted_lots"": 0, ""overlap_window_seconds"": 0.125, ""queue_consumed_lots"": 0, ""unmatched_lots"": 67}"
1772633474.239,291,BTCUSDT,queue_consumption,depth_update,ask,,716139,70,,,"{""fill_assumption_profile"": ""base"", ""modeled_lots"": 70, ""observed_lots"": 70, ""overlap_netted_lots"": 0, ""overlap_window_seconds"": 0.125, ""queue_consumed_lots"": 0, ""unmatched_lots"": 70}"
1772633474.239,292,BTCUSDT,queue_consumption,depth_update,ask,,716141,83,,,"{""fill_assumption_profile"": ""base"", ""modeled_lots"": 83, ""observed_lots"": 83, ""overlap_netted_lots"": 0, ""overlap_window_seconds"": 0.125, ""queue_consumed_lots"": 0, ""unmatched_lots"": 83}"
1772633474.239,293,BTCUSDT,queue_consumption,depth_update,ask,,716143,204,,,"{""fill_assumption_profile"": ""base"", ""modeled_lots"": 204, ""observed_lots"": 204, ""overlap_netted_lots"": 0, ""overlap_window_seconds"": 0.125, ""queue_consumed_lots"": 0, ""unmatched_lots"": 204}"
1772633474.239,294,BTCUSDT,queue_consumption,depth_update,ask,,716146,1,,,"{""fill_assumption_profile"": ""base"", ""modeled_lots"": 1, ""observed_lots"": 1, ""overlap_netted_lots"": 0, ""overlap_window_seconds"": 0.125, ""queue_consumed_lots"": 0, ""unmatched_lots"": 1}"
1772633474.239,295,BTCUSDT,queue_consumption,depth_update,ask,,716151,250,,,"{""fill_assumption_profile"": ""base"", ""modeled_lots"": 250, ""observed_lots"": 250, ""overlap_netted_lots"": 0, ""overlap_window_seconds"": 0.125, ""queue_consumed_lots"": 0, ""unmatched_lots"": 250}"
1772633474.239,296,BTCUSDT,queue_consumption,depth_update,ask,,716153,23,,,"{""fill_assumption_profile"": ""base"", ""modeled_lots"": 23, ""observed_lots"": 23, ""overlap_netted_lots"": 0, ""overlap_window_seconds"": 0.125, ""queue_consumed_lots"": 0, ""unmatched_lots"": 23}"
1772633474.239,297,BTCUSDT,queue_consumption,depth_update,ask,,716161,12,,,"{""fill_assumption_profile"": ""base"", ""modeled_lots"": 12, ""observed_lots"": 12, ""overlap_netted_lots"": 0, ""overlap_window_seconds"": 0.125, ""queue_consumed_lots"": 0, ""unmatched_lots"": 12}"
1772633474.239,298,BTCUSDT,queue_consumption,depth_update,ask,,716164,277,,,"{""fill_assumption_profile"": ""base"", ""modeled_lots"": 277, ""observed_lots"": 277, ""overlap_netted_lots"": 0, ""overlap_window_seconds"": 0.125, ""queue_consumed_lots"": 0, ""unmatched_lots"": 277}"
1772633474.239,299,BTCUSDT,queue_consumption,depth_update,ask,,716167,628,,,"{""fill_assumption_profile"": ""base"", ""modeled_lots"": 628, ""observed_lots"": 628, ""overlap_netted_lots"": 0, ""overlap_window_seconds"": 0.125, ""queue_consumed_lots"": 0, ""unmatched_lots"": 628}"
1772633474.239,300,BTCUSDT,queue_consumption,depth_update,ask,,716168,1,,,"{""fill_assumption_profile"": ""base"", ""modeled_lots"": 1, ""observed_lots"": 1, ""overlap_netted_lots"": 0, ""overlap_window_seconds"": 0.125, ""queue_consumed_lots"": 0, ""unmatched_lots"": 1}"
1772633474.239,301,BTCUSDT,queue_consumption,depth_update,ask,,716170,80,,,"{""fill_assumption_profile"": ""base"", ""modeled_lots"": 80, ""observed_lots"": 80, ""overlap_netted_lots"": 0, ""overlap_window_seconds"": 0.125, ""queue_consumed_lots"": 0, ""unmatched_lots"": 80}"
1772633474.239,302,BTCUSDT,queue_consumption,depth_update,ask,,716173,66,,,"{""fill_assumption_profile"": ""base"", ""modeled_lots"": 66, ""observed_lots"": 66, ""overlap_netted_lots"": 0, ""overlap_window_seconds"": 0.125, ""queue_consumed_lots"": 0, ""unmatched_lots"": 66}"
1772633474.239,303,BTCUSDT,queue_consumption,depth_update,ask,,716175,2,,,"{""fill_assumption_profile"": ""base"", ""modeled_lots"": 2, ""observed_lots"": 2, ""overlap_netted_lots"": 0, ""overlap_window_seconds"": 0.125, ""queue_consumed_lots"": 0, ""unmatched_lots"": 2}"
1772633474.239,304,BTCUSDT,queue_consumption,depth_update,ask,,716184,166,,,"{""fill_assumption_profile"": ""base"", ""modeled_lots"": 166, ""observed_lots"": 166, ""overlap_netted_lots"": 0, ""overlap_window_seconds"": 0.125, ""queue_consumed_lots"": 0, ""unmatched_lots"": 166}"
1772633474.239,305,BTCUSDT,queue_consumption,depth_update,ask,,716185,2,,,"{""fill_assumption_profile"": ""base"", ""modeled_lots"": 2, ""observed_lots"": 2, ""overlap_netted_lots"": 0, ""overlap_window_seconds"": 0.125, ""queue_consumed_lots"": 0, ""unmatched_lots"": 2}"
1772633474.239,306,BTCUSDT,queue_consumption,depth_update,ask,,716203,3,,,"{""fill_assumption_profile"": ""base"", ""modeled_lots"": 3, ""observed_lots"": 3, ""overlap_netted_lots"": 0, ""overlap_window_seconds"": 0.125, ""queue_consumed_lots"": 0, ""unmatched_lots"": 3}"
1772633474.239,307,BTCUSDT,queue_consumption,depth_update,ask,,716206,2,,,"{""fill_assumption_profile"": ""base"", ""modeled_lots"": 2, ""observed_lots"": 2, ""overlap_netted_lots"": 0, ""overlap_window_seconds"": 0.125, ""queue_consumed_lots"": 0, ""unmatched_lots"": 2}"
1772633474.239,308,BTCUSDT,queue_consumption,depth_update,ask,,716210,280,,,"{""fill_assumption_profile"": ""base"", ""modeled_lots"": 280, ""observed_lots"": 280, ""overlap_netted_lots"": 0, ""overlap_window_seconds"": 0.125, ""queue_consumed_lots"": 0, ""unmatched_lots"": 280}"
1772633474.239,309,BTCUSDT,queue_consumption,depth_update,ask,,716211,94,,,"{""fill_assumption_profile"": ""base"", ""modeled_lots"": 94, ""observed_lots"": 94, ""overlap_netted_lots"": 0, ""overlap_window_seconds"": 0.125, ""queue_consumed_lots"": 0, ""unmatched_lots"": 94}"
1772633474.239,310,BTCUSDT,queue_consumption,depth_update,ask,,716212,808,,,"{""fill_assumption_profile"": ""base"", ""modeled_lots"": 808, ""observed_lots"": 808, ""overlap_netted_lots"": 0, ""overlap_window_seconds"": 0.125, ""queue_consumed_lots"": 0, ""unmatched_lots"": 808}"
1772633474.239,311,BTCUSDT,queue_consumption,depth_update,ask,,716213,83,,,"{""fill_assumption_profile"": ""base"", ""modeled_lots"": 83, ""observed_lots"": 83, ""overlap_netted_lots"": 0, ""overlap_window_seconds"": 0.125, ""queue_consumed_lots"": 0, ""unmatched_lots"": 83}"
1772633474.239,312,BTCUSDT,queue_consumption,depth_update,ask,,716217,120,,,"{""fill_assumption_profile"": ""base"", ""modeled_lots"": 120, ""observed_lots"": 120, ""overlap_netted_lots"": 0, ""overlap_window_seconds"": 0.125, ""queue_consumed_lots"": 0, ""unmatched_lots"": 120}"
1772633474.239,313,BTCUSDT,queue_consumption,depth_update,ask,,716218,72,,,"{""fill_assumption_profile"": ""base"", ""modeled_lots"": 72, ""observed_lots"": 72, ""overlap_netted_lots"": 0, ""overlap_window_seconds"": 0.125, ""queue_consumed_lots"": 0, ""unmatched_lots"": 72}"
1772633474.239,314,BTCUSDT,queue_consumption,depth_update,ask,,716222,4,,,"{""fill_assumption_profile"": ""base"", ""modeled_lots"": 4, ""observed_lots"": 4, ""overlap_netted_lots"": 0, ""overlap_window_seconds"": 0.125, ""queue_consumed_lots"": 0, ""unmatched_lots"": 4}"
1772633474.239,315,BTCUSDT,queue_consumption,depth_update,ask,,716237,20,,,"{""fill_assumption_profile"": ""base"", ""modeled_lots"": 20, ""observed_lots"": 20, ""overlap_netted_lots"": 0, ""overlap_window_seconds"": 0.125, ""queue_consumed_lots"": 0, ""unmatched_lots"": 20}"
1772633474.239,316,BTCUSDT,queue_consumption,depth_update,ask,,716239,3,,,"{""fill_assumption_profile"": ""base"", ""modeled_lots"": 3, ""observed_lots"": 3, ""overlap_netted_lots"": 0, ""overlap_window_seconds"": 0.125, ""queue_consumed_lots"": 0, ""unmatched_lots"": 3}"
1772633474.239,317,BTCUSDT,queue_consumption,depth_update,ask,,716240,72,,,"{""fill_assumption_profile"": ""base"", ""modeled_lots"": 72, ""observed_lots"": 72, ""overlap_netted_lots"": 0, ""overlap_window_seconds"": 0.125, ""queue_consumed_lots"": 0, ""unmatched_lots"": 72}"
1772633474.239,318,BTCUSDT,queue_consumption,depth_update,ask,,716242,2,,,"{""fill_assumption_profile"": ""base"", ""modeled_lots"": 2, ""observed_lots"": 2, ""overlap_netted_lots"": 0, ""overlap_window_seconds"": 0.125, ""queue_consumed_lots"": 0, ""unmatched_lots"": 2}"
1772633474.239,319,BTCUSDT,queue_consumption,depth_update,ask,,716244,6,,,"{""fill_assumption_profile"": ""base"", ""modeled_lots"": 6, ""observed_lots"": 6, ""overlap_netted_lots"": 0, ""overlap_window_seconds"": 0.125, ""queue_consumed_lots"": 0, ""unmatched_lots"": 6}"
1772633474.239,320,BTCUSDT,queue_consumption,depth_update,ask,,716252,6,,,"{""fill_assumption_profile"": ""base"", ""modeled_lots"": 6, ""observed_lots"": 6, ""overlap_netted_lots"": 0, ""overlap_window_seconds"": 0.125, ""queue_consumed_lots"": 0, ""unmatched_lots"": 6}"
1772633474.239,321,BTCUSDT,queue_consumption,depth_update,ask,,716266,69,,,"{""fill_assumption_profile"": ""base"", ""modeled_lots"": 69, ""observed_lots"": 69, ""overlap_netted_lots"": 0, ""overlap_window_seconds"": 0.125, ""queue_consumed_lots"": 0, ""unmatched_lots"": 69}"
1772633474.239,322,BTCUSDT,queue_consumption,depth_update,ask,,716267,2,,,"{""fill_assumption_profile"": ""base"", ""modeled_lots"": 2, ""observed_lots"": 2, ""overlap_netted_lots"": 0, ""overlap_window_seconds"": 0.125, ""queue_consumed_lots"": 0, ""unmatched_lots"": 2}"
1772633474.239,323,BTCUSDT,queue_consumption,depth_update,ask,,716269,28,,,"{""fill_assumption_profile"": ""base"", ""modeled_lots"": 28, ""observed_lots"": 28, ""overlap_netted_lots"": 0, ""overlap_window_seconds"": 0.125, ""queue_consumed_lots"": 0, ""unmatched_lots"": 28}"
1772633474.239,324,BTCUSDT,queue_consumption,depth_update,ask,,716281,2,,,"{""fill_assumption_profile"": ""base"", ""modeled_lots"": 2, ""observed_lots"": 2, ""overlap_netted_lots"": 0, ""overlap_window_seconds"": 0.125, ""queue_consumed_lots"": 0, ""unmatched_lots"": 2}"
1772633474.239,325,BTCUSDT,queue_consumption,depth_update,ask,,716284,279,,,"{""fill_assumption_profile"": ""base"", ""modeled_lots"": 279, ""observed_lots"": 279, ""overlap_netted_lots"": 0, ""overlap_window_seconds"": 0.125, ""queue_consumed_lots"": 0, ""unmatched_lots"": 279}"
1772633474.239,326,BTCUSDT,queue_consumption,depth_update,ask,,716285,244,,,"{""fill_assumption_profile"": ""base"", ""modeled_lots"": 244, ""observed_lots"": 244, ""overlap_netted_lots"": 0, ""overlap_window_seconds"": 0.125, ""queue_consumed_lots"": 0, ""unmatched_lots"": 244}"
1772633474.239,327,BTCUSDT,queue_consumption,depth_update,ask,,716296,318,,,"{""fill_assumption_profile"": ""base"", ""modeled_lots"": 318, ""observed_lots"": 318, ""overlap_netted_lots"": 0, ""overlap_window_seconds"": 0.125, ""queue_consumed_lots"": 0, ""unmatched_lots"": 318}"
1772633474.239,328,BTCUSDT,queue_consumption,depth_update,ask,,716297,4,,,"{""fill_assumption_profile"": ""base"", ""modeled_lots"": 4, ""observed_lots"": 4, ""overlap_netted_lots"": 0, ""overlap_window_seconds"": 0.125, ""queue_consumed_lots"": 0, ""unmatched_lots"": 4}"
1772633474.239,329,BTCUSDT,queue_consumption,depth_update,ask,,716300,2,,,"{""fill_assumption_profile"": ""base"", ""modeled_lots"": 2, ""observed_lots"": 2, ""overlap_netted_lots"": 0, ""overlap_window_seconds"": 0.125, ""queue_consumed_lots"": 0, ""unmatched_lots"": 2}"
1772633474.239,330,BTCUSDT,queue_consumption,depth_update,ask,,716301,2,,,"{""fill_assumption_profile"": ""base"", ""modeled_lots"": 2, ""observed_lots"": 2, ""overlap_netted_lots"": 0, ""overlap_window_seconds"": 0.125, ""queue_consumed_lots"": 0, ""unmatched_lots"": 2}"
1772633474.239,331,BTCUSDT,queue_consumption,depth_update,ask,,716303,2,,,"{""fill_assumption_profile"": ""base"", ""modeled_lots"": 2, ""observed_lots"": 2, ""overlap_netted_lots"": 0, ""overlap_window_seconds"": 0.125, ""queue_consumed_lots"": 0, ""unmatched_lots"": 2}"
1772633474.239,332,BTCUSDT,queue_consumption,depth_update,ask,,716307,504,,,"{""fill_assumption_profile"": ""base"", ""modeled_lots"": 504, ""observed_lots"": 504, ""overlap_netted_lots"": 0, ""overlap_window_seconds"": 0.125, ""queue_consumed_lots"": 0, ""unmatched_lots"": 504}"
1772633474.239,333,BTCUSDT,queue_consumption,depth_update,ask,,716308,2,,,"{""fill_assumption_profile"": ""base"", ""modeled_lots"": 2, ""observed_lots"": 2, ""overlap_netted_lots"": 0, ""overlap_window_seconds"": 0.125, ""queue_consumed_lots"": 0, ""unmatched_lots"": 2}"
1772633474.239,334,BTCUSDT,queue_consumption,depth_update,ask,,716317,44,,,"{""fill_assumption_profile"": ""base"", ""modeled_lots"": 44, ""observed_lots"": 44, ""overlap_netted_lots"": 0, ""overlap_window_seconds"": 0.125, ""queue_consumed_lots"": 0, ""unmatched_lots"": 44}"
1772633474.239,335,BTCUSDT,queue_consumption,depth_update,ask,,716318,44,,,"{""fill_assumption_profile"": ""base"", ""modeled_lots"": 44, ""observed_lots"": 44, ""overlap_netted_lots"": 0, ""overlap_window_seconds"": 0.125, ""queue_consumed_lots"": 0, ""unmatched_lots"": 44}"
1772633474.239,336,BTCUSDT,queue_consumption,depth_update,ask,,716320,20,,,"{""fill_assumption_profile"": ""base"", ""modeled_lots"": 20, ""observed_lots"": 20, ""overlap_netted_lots"": 0, ""overlap_window_seconds"": 0.125, ""queue_consumed_lots"": 0, ""unmatched_lots"": 20}"
1772633474.239,337,BTCUSDT,queue_consumption,depth_update,ask,,716324,115,,,"{""fill_assumption_profile"": ""base"", ""modeled_lots"": 115, ""observed_lots"": 115, ""overlap_netted_lots"": 0, ""overlap_window_seconds"": 0.125, ""queue_consumed_lots"": 0, ""unmatched_lots"": 115}"
1772633474.239,338,BTCUSDT,queue_consumption,depth_update,ask,,716334,360,,,"{""fill_assumption_profile"": ""base"", ""modeled_lots"": 360, ""observed_lots"": 360, ""overlap_netted_lots"": 0, ""overlap_window_seconds"": 0.125, ""queue_consumed_lots"": 0, ""unmatched_lots"": 360}"
1772633474.239,339,BTCUSDT,queue_consumption,depth_update,ask,,716341,267,,,"{""fill_assumption_profile"": ""base"", ""modeled_lots"": 267, ""observed_lots"": 267, ""overlap_netted_lots"": 0, ""overlap_window_seconds"": 0.125, ""queue_consumed_lots"": 0, ""unmatched_lots"": 267}"
1772633474.239,340,BTCUSDT,queue_consumption,depth_update,ask,,716352,4,,,"{""fill_assumption_profile"": ""base"", ""modeled_lots"": 4, ""observed_lots"": 4, ""overlap_netted_lots"": 0, ""overlap_window_seconds"": 0.125, ""queue_consumed_lots"": 0, ""unmatched_lots"": 4}"
1772633474.239,341,BTCUSDT,queue_consumption,depth_update,ask,,716392,10,,,"{""fill_assumption_profile"": ""base"", ""modeled_lots"": 10, ""observed_lots"": 10, ""overlap_netted_lots"": 0, ""overlap_window_seconds"": 0.125, ""queue_consumed_lots"": 0, ""unmatched_lots"": 10}"
1772633474.239,342,BTCUSDT,queue_consumption,depth_update,ask,,716399,6,,,"{""fill_assumption_profile"": ""base"", ""modeled_lots"": 6, ""observed_lots"": 6, ""overlap_netted_lots"": 0, ""overlap_window_seconds"": 0.125, ""queue_consumed_lots"": 0, ""unmatched_lots"": 6}"
1772633474.239,343,BTCUSDT,queue_consumption,depth_update,ask,,716401,2,,,"{""fill_assumption_profile"": ""base"", ""modeled_lots"": 2, ""observed_lots"": 2, ""overlap_netted_lots"": 0, ""overlap_window_seconds"": 0.125, ""queue_consumed_lots"": 0, ""unmatched_lots"": 2}"
1772633474.239,344,BTCUSDT,queue_consumption,depth_update,ask,,716408,2,,,"{""fill_assumption_profile"": ""base"", ""modeled_lots"": 2, ""observed_lots"": 2, ""overlap_netted_lots"": 0, ""overlap_window_seconds"": 0.125, ""queue_consumed_lots"": 0, ""unmatched_lots"": 2}"
1772633474.239,345,BTCUSDT,queue_consumption,depth_update,ask,,716409,2,,,"{""fill_assumption_profile"": ""base"", ""modeled_lots"": 2, ""observed_lots"": 2, ""overlap_netted_lots"": 0, ""overlap_window_seconds"": 0.125, ""queue_consumed_lots"": 0, ""unmatched_lots"": 2}"
1772633474.239,346,BTCUSDT,queue_consumption,depth_update,ask,,716410,2,,,"{""fill_assumption_profile"": ""base"", ""modeled_lots"": 2, ""observed_lots"": 2, ""overlap_netted_lots"": 0, ""overlap_window_seconds"": 0.125, ""queue_consumed_lots"": 0, ""unmatched_lots"": 2}"
1772633474.239,347,BTCUSDT,queue_consumption,depth_update,ask,,716413,69,,,"{""fill_assumption_profile"": ""base"", ""modeled_lots"": 69, ""observed_lots"": 69, ""overlap_netted_lots"": 0, ""overlap_window_seconds"": 0.125, ""queue_consumed_lots"": 0, ""unmatched_lots"": 69}"
1772633474.239,348,BTCUSDT,queue_consumption,depth_update,ask,,716422,51,,,"{""fill_assumption_profile"": ""base"", ""modeled_lots"": 51, ""observed_lots"": 51, ""overlap_netted_lots"": 0, ""overlap_window_seconds"": 0.125, ""queue_consumed_lots"": 0, ""unmatched_lots"": 51}"
1772633474.239,349,BTCUSDT,queue_consumption,depth_update,ask,,716423,2,,,"{""fill_assumption_profile"": ""base"", ""modeled_lots"": 2, ""observed_lots"": 2, ""overlap_netted_lots"": 0, ""overlap_window_seconds"": 0.125, ""queue_consumed_lots"": 0, ""unmatched_lots"": 2}"
1772633474.239,350,BTCUSDT,queue_consumption,depth_update,ask,,716428,207,,,"{""fill_assumption_profile"": ""base"", ""modeled_lots"": 207, ""observed_lots"": 207, ""overlap_netted_lots"": 0, ""overlap_window_seconds"": 0.125, ""queue_consumed_lots"": 0, ""unmatched_lots"": 207}"
1772633474.239,351,BTCUSDT,queue_consumption,depth_update,ask,,716429,419,,,"{""fill_assumption_profile"": ""base"", ""modeled_lots"": 419, ""observed_lots"": 419, ""overlap_netted_lots"": 0, ""overlap_window_seconds"": 0.125, ""queue_consumed_lots"": 0, ""unmatched_lots"": 419}"
1772633474.239,352,BTCUSDT,queue_consumption,depth_update,ask,,716447,100,,,"{""fill_assumption_profile"": ""base"", ""modeled_lots"": 100, ""observed_lots"": 100, ""overlap_netted_lots"": 0, ""overlap_window_seconds"": 0.125, ""queue_consumed_lots"": 0, ""unmatched_lots"": 100}"
1772633474.239,353,BTCUSDT,queue_consumption,depth_update,ask,,716466,2,,,"{""fill_assumption_profile"": ""base"", ""modeled_lots"": 2, ""observed_lots"": 2, ""overlap_netted_lots"": 0, ""overlap_window_seconds"": 0.125, ""queue_consumed_lots"": 0, ""unmatched_lots"": 2}"
1772633474.239,354,BTCUSDT,queue_consumption,depth_update,ask,,716470,52,,,"{""fill_assumption_profile"": ""base"", ""modeled_lots"": 52, ""observed_lots"": 52, ""overlap_netted_lots"": 0, ""overlap_window_seconds"": 0.125, ""queue_consumed_lots"": 0, ""unmatched_lots"": 52}"
1772633474.239,355,BTCUSDT,queue_consumption,depth_update,ask,,716471,4,,,"{""fill_assumption_profile"": ""base"", ""modeled_lots"": 4, ""observed_lots"": 4, ""overlap_netted_lots"": 0, ""overlap_window_seconds"": 0.125, ""queue_consumed_lots"": 0, ""unmatched_lots"": 4}"
1772633474.239,356,BTCUSDT,queue_consumption,depth_update,ask,,716507,58,,,"{""fill_assumption_profile"": ""base"", ""modeled_lots"": 58, ""observed_lots"": 58, ""overlap_netted_lots"": 0, ""overlap_window_seconds"": 0.125, ""queue_consumed_lots"": 0, ""unmatched_lots"": 58}"
1772633474.239,357,BTCUSDT,queue_consumption,depth_update,ask,,716516,2,,,"{""fill_assumption_profile"": ""base"", ""modeled_lots"": 2, ""observed_lots"": 2, ""overlap_netted_lots"": 0, ""overlap_window_seconds"": 0.125, ""queue_consumed_lots"": 0, ""unmatched_lots"": 2}"
1772633474.239,358,BTCUSDT,queue_consumption,depth_update,ask,,716522,39,,,"{""fill_assumption_profile"": ""base"", ""modeled_lots"": 39, ""observed_lots"": 39, ""overlap_netted_lots"": 0, ""overlap_window_seconds"": 0.125, ""queue_consumed_lots"": 0, ""unmatched_lots"": 39}"
1772633474.239,359,BTCUSDT,queue_consumption,depth_update,ask,,716534,143,,,"{""fill_assumption_profile"": ""base"", ""modeled_lots"": 143, ""observed_lots"": 143, ""overlap_netted_lots"": 0, ""overlap_window_seconds"": 0.125, ""queue_consumed_lots"": 0, ""unmatched_lots"": 143}"
1772633474.239,360,BTCUSDT,queue_consumption,depth_update,ask,,716536,50,,,"{""fill_assumption_profile"": ""base"", ""modeled_lots"": 50, ""observed_lots"": 50, ""overlap_netted_lots"": 0, ""overlap_window_seconds"": 0.125, ""queue_consumed_lots"": 0, ""unmatched_lots"": 50}"
1772633474.239,361,BTCUSDT,queue_consumption,depth_update,ask,,716558,2,,,"{""fill_assumption_profile"": ""base"", ""modeled_lots"": 2, ""observed_lots"": 2, ""overlap_netted_lots"": 0, ""overlap_window_seconds"": 0.125, ""queue_consumed_lots"": 0, ""unmatched_lots"": 2}"
1772633474.239,362,BTCUSDT,queue_consumption,depth_update,ask,,716568,40,,,"{""fill_assumption_profile"": ""base"", ""modeled_lots"": 40, ""observed_lots"": 40, ""overlap_netted_lots"": 0, ""overlap_window_seconds"": 0.125, ""queue_consumed_lots"": 0, ""unmatched_lots"": 40}"
1772633474.239,363,BTCUSDT,queue_consumption,depth_update,ask,,716580,3,,,"{""fill_assumption_profile"": ""base"", ""modeled_lots"": 3, ""observed_lots"": 3, ""overlap_netted_lots"": 0, ""overlap_window_seconds"": 0.125, ""queue_consumed_lots"": 0, ""unmatched_lots"": 3}"
1772633474.239,364,BTCUSDT,queue_consumption,depth_update,ask,,716604,20,,,"{""fill_assumption_profile"": ""base"", ""modeled_lots"": 20, ""observed_lots"": 20, ""overlap_netted_lots"": 0, ""overlap_window_seconds"": 0.125, ""queue_consumed_lots"": 0, ""unmatched_lots"": 20}"
1772633474.239,365,BTCUSDT,queue_consumption,depth_update,ask,,716607,201,,,"{""fill_assumption_profile"": ""base"", ""modeled_lots"": 201, ""observed_lots"": 201, ""overlap_netted_lots"": 0, ""overlap_window_seconds"": 0.125, ""queue_consumed_lots"": 0, ""unmatched_lots"": 201}"
1772633474.239,366,BTCUSDT,queue_consumption,depth_update,ask,,716625,28,,,"{""fill_assumption_profile"": ""base"", ""modeled_lots"": 28, ""observed_lots"": 28, ""overlap_netted_lots"": 0, ""overlap_window_seconds"": 0.125, ""queue_consumed_lots"": 0, ""unmatched_lots"": 28}"
1772633474.239,367,BTCUSDT,queue_consumption,depth_update,ask,,716630,24,,,"{""fill_assumption_profile"": ""base"", ""modeled_lots"": 24, ""observed_lots"": 24, ""overlap_netted_lots"": 0, ""overlap_window_seconds"": 0.125, ""queue_consumed_lots"": 0, ""unmatched_lots"": 24}"
1772633474.239,368,BTCUSDT,queue_consumption,depth_update,ask,,716642,201,,,"{""fill_assumption_profile"": ""base"", ""modeled_lots"": 201, ""observed_lots"": 201, ""overlap_netted_lots"": 0, ""overlap_window_seconds"": 0.125, ""queue_consumed_lots"": 0, ""unmatched_lots"": 201}"
1772633474.239,369,BTCUSDT,queue_consumption,depth_update,ask,,716660,32,,,"{""fill_assumption_profile"": ""base"", ""modeled_lots"": 32, ""observed_lots"": 32, ""overlap_netted_lots"": 0, ""overlap_window_seconds"": 0.125, ""queue_consumed_lots"": 0, ""unmatched_lots"": 32}"
1772633474.239,370,BTCUSDT,queue_consumption,depth_update,ask,,716662,2,,,"{""fill_assumption_profile"": ""base"", ""modeled_lots"": 2, ""observed_lots"": 2, ""overlap_netted_lots"": 0, ""overlap_window_seconds"": 0.125, ""queue_consumed_lots"": 0, ""unmatched_lots"": 2}"
1772633474.239,371,BTCUSDT,queue_consumption,depth_update,ask,,716666,63,,,"{""fill_assumption_profile"": ""base"", ""modeled_lots"": 63, ""observed_lots"": 63, ""overlap_netted_lots"": 0, ""overlap_window_seconds"": 0.125, ""queue_consumed_lots"": 0, ""unmatched_lots"": 63}"
1772633474.239,372,BTCUSDT,queue_consumption,depth_update,ask,,716675,91,,,"{""fill_assumption_profile"": ""base"", ""modeled_lots"": 91, ""observed_lots"": 91, ""overlap_netted_lots"": 0, ""overlap_window_seconds"": 0.125, ""queue_consumed_lots"": 0, ""unmatched_lots"": 91}"
1772633474.239,373,BTCUSDT,queue_consumption,depth_update,ask,,716678,39,,,"{""fill_assumption_profile"": ""base"", ""modeled_lots"": 39, ""observed_lots"": 39, ""overlap_netted_lots"": 0, ""overlap_window_seconds"": 0.125, ""queue_consumed_lots"": 0, ""unmatched_lots"": 39}"
1772633474.239,374,BTCUSDT,queue_consumption,depth_update,ask,,716686,66,,,"{""fill_assumption_profile"": ""base"", ""modeled_lots"": 66, ""observed_lots"": 66, ""overlap_netted_lots"": 0, ""overlap_window_seconds"": 0.125, ""queue_consumed_lots"": 0, ""unmatched_lots"": 66}"
1772633474.239,375,BTCUSDT,queue_consumption,depth_update,ask,,716702,31,,,"{""fill_assumption_profile"": ""base"", ""modeled_lots"": 31, ""observed_lots"": 31, ""overlap_netted_lots"": 0, ""overlap_window_seconds"": 0.125, ""queue_consumed_lots"": 0, ""unmatched_lots"": 31}"
1772633474.239,376,BTCUSDT,queue_consumption,depth_update,ask,,716714,140,,,"{""fill_assumption_profile"": ""base"", ""modeled_lots"": 140, ""observed_lots"": 140, ""overlap_netted_lots"": 0, ""overlap_window_seconds"": 0.125, ""queue_consumed_lots"": 0, ""unmatched_lots"": 140}"
1772633474.239,377,BTCUSDT,queue_consumption,depth_update,ask,,716742,348,,,"{""fill_assumption_profile"": ""base"", ""modeled_lots"": 348, ""observed_lots"": 348, ""overlap_netted_lots"": 0, ""overlap_window_seconds"": 0.125, ""queue_consumed_lots"": 0, ""unmatched_lots"": 348}"
1772633474.239,378,BTCUSDT,queue_consumption,depth_update,ask,,716744,3,,,"{""fill_assumption_profile"": ""base"", ""modeled_lots"": 3, ""observed_lots"": 3, ""overlap_netted_lots"": 0, ""overlap_window_seconds"": 0.125, ""queue_consumed_lots"": 0, ""unmatched_lots"": 3}"
1772633474.239,379,BTCUSDT,queue_consumption,depth_update,ask,,716750,83,,,"{""fill_assumption_profile"": ""base"", ""modeled_lots"": 83, ""observed_lots"": 83, ""overlap_netted_lots"": 0, ""overlap_window_seconds"": 0.125, ""queue_consumed_lots"": 0, ""unmatched_lots"": 83}"
1772633474.239,380,BTCUSDT,queue_consumption,depth_update,ask,,716786,83,,,"{""fill_assumption_profile"": ""base"", ""modeled_lots"": 83, ""observed_lots"": 83, ""overlap_netted_lots"": 0, ""overlap_window_seconds"": 0.125, ""queue_consumed_lots"": 0, ""unmatched_lots"": 83}"
1772633474.239,381,BTCUSDT,queue_consumption,depth_update,ask,,716813,1327,,,"{""fill_assumption_profile"": ""base"", ""modeled_lots"": 1327, ""observed_lots"": 1327, ""overlap_netted_lots"": 0, ""overlap_window_seconds"": 0.125, ""queue_consumed_lots"": 0, ""unmatched_lots"": 1327}"
1772633474.239,382,BTCUSDT,queue_consumption,depth_update,ask,,716847,778,,,"{""fill_assumption_profile"": ""base"", ""modeled_lots"": 778, ""observed_lots"": 778, ""overlap_netted_lots"": 0, ""overlap_window_seconds"": 0.125, ""queue_consumed_lots"": 0, ""unmatched_lots"": 778}"
1772633474.239,383,BTCUSDT,queue_consumption,depth_update,ask,,716848,2,,,"{""fill_assumption_profile"": ""base"", ""modeled_lots"": 2, ""observed_lots"": 2, ""overlap_netted_lots"": 0, ""overlap_window_seconds"": 0.125, ""queue_consumed_lots"": 0, ""unmatched_lots"": 2}"
1772633474.239,384,BTCUSDT,queue_consumption,depth_update,ask,,716864,778,,,"{""fill_assumption_profile"": ""base"", ""modeled_lots"": 778, ""observed_lots"": 778, ""overlap_netted_lots"": 0, ""overlap_window_seconds"": 0.125, ""queue_consumed_lots"": 0, ""unmatched_lots"": 778}"
1772633474.239,385,BTCUSDT,queue_consumption,depth_update,ask,,716870,2,,,"{""fill_assumption_profile"": ""base"", ""modeled_lots"": 2, ""observed_lots"": 2, ""overlap_netted_lots"": 0, ""overlap_window_seconds"": 0.125, ""queue_consumed_lots"": 0, ""unmatched_lots"": 2}"
1772633474.239,386,BTCUSDT,queue_consumption,depth_update,ask,,716892,2,,,"{""fill_assumption_profile"": ""base"", ""modeled_lots"": 2, ""observed_lots"": 2, ""overlap_netted_lots"": 0, ""overlap_window_seconds"": 0.125, ""queue_consumed_lots"": 0, ""unmatched_lots"": 2}"
1772633474.239,387,BTCUSDT,queue_consumption,depth_update,ask,,716895,1419,,,"{""fill_assumption_profile"": ""base"", ""modeled_lots"": 1419, ""observed_lots"": 1419, ""overlap_netted_lots"": 0, ""overlap_window_seconds"": 0.125, ""queue_consumed_lots"": 0, ""unmatched_lots"": 1419}"
1772633474.239,388,BTCUSDT,queue_consumption,depth_update,ask,,716916,1,,,"{""fill_assumption_profile"": ""base"", ""modeled_lots"": 1, ""observed_lots"": 1, ""overlap_netted_lots"": 0, ""overlap_window_seconds"": 0.125, ""queue_consumed_lots"": 0, ""unmatched_lots"": 1}"
1772633474.239,389,BTCUSDT,queue_consumption,depth_update,ask,,716935,1053,,,"{""fill_assumption_profile"": ""base"", ""modeled_lots"": 1053, ""observed_lots"": 1053, ""overlap_netted_lots"": 0, ""overlap_window_seconds"": 0.125, ""queue_consumed_lots"": 0, ""unmatched_lots"": 1053}"
1772633474.239,390,BTCUSDT,queue_consumption,depth_update,ask,,716952,778,,,"{""fill_assumption_profile"": ""base"", ""modeled_lots"": 778, ""observed_lots"": 778, ""overlap_netted_lots"": 0, ""overlap_window_seconds"": 0.125, ""queue_consumed_lots"": 0, ""unmatched_lots"": 778}"
1772633474.239,391,BTCUSDT,queue_consumption,depth_update,ask,,716958,2,,,"{""fill_assumption_profile"": ""base"", ""modeled_lots"": 2, ""observed_lots"": 2, ""overlap_netted_lots"": 0, ""overlap_window_seconds"": 0.125, ""queue_consumed_lots"": 0, ""unmatched_lots"": 2}"
1772633474.239,392,BTCUSDT,queue_consumption,depth_update,ask,,716969,778,,,"{""fill_assumption_profile"": ""base"", ""modeled_lots"": 778, ""observed_lots"": 778, ""overlap_netted_lots"": 0, ""overlap_window_seconds"": 0.125, ""queue_consumed_lots"": 0, ""unmatched_lots"": 778}"
1772633474.239,393,BTCUSDT,queue_consumption,depth_update,ask,,717085,14,,,"{""fill_assumption_profile"": ""base"", ""modeled_lots"": 14, ""observed_lots"": 14, ""overlap_netted_lots"": 0, ""overlap_window_seconds"": 0.125, ""queue_consumed_lots"": 0, ""unmatched_lots"": 14}"
1772633474.239,394,BTCUSDT,queue_consumption,depth_update,ask,,717103,9,,,"{""fill_assumption_profile"": ""base"", ""modeled_lots"": 9, ""observed_lots"": 9, ""overlap_netted_lots"": 0, ""overlap_window_seconds"": 0.125, ""queue_consumed_lots"": 0, ""unmatched_lots"": 9}"
1772633474.239,395,BTCUSDT,queue_consumption,depth_update,ask,,717109,2,,,"{""fill_assumption_profile"": ""base"", ""modeled_lots"": 2, ""observed_lots"": 2, ""overlap_netted_lots"": 0, ""overlap_window_seconds"": 0.125, ""queue_consumed_lots"": 0, ""unmatched_lots"": 2}"
1772633474.239,396,BTCUSDT,queue_consumption,depth_update,ask,,717261,195,,,"{""fill_assumption_profile"": ""base"", ""modeled_lots"": 195, ""observed_lots"": 195, ""overlap_netted_lots"": 0, ""overlap_window_seconds"": 0.125, ""queue_consumed_lots"": 0, ""unmatched_lots"": 195}"
1772633474.239,397,BTCUSDT,queue_consumption,depth_update,ask,,717318,195,,,"{""fill_assumption_profile"": ""base"", ""modeled_lots"": 195, ""observed_lots"": 195, ""overlap_netted_lots"": 0, ""overlap_window_seconds"": 0.125, ""queue_consumed_lots"": 0, ""unmatched_lots"": 195}"
1772633474.239,398,BTCUSDT,queue_consumption,depth_update,ask,,717327,259,,,"{""fill_assumption_profile"": ""base"", ""modeled_lots"": 259, ""observed_lots"": 259, ""overlap_netted_lots"": 0, ""overlap_window_seconds"": 0.125, ""queue_consumed_lots"": 0, ""unmatched_lots"": 259}"
1772633474.239,399,BTCUSDT,queue_consumption,depth_update,ask,,721505,4,,,"{""fill_assumption_profile"": ""base"", ""modeled_lots"": 4, ""observed_lots"": 4, ""overlap_netted_lots"": 0, ""overlap_window_seconds"": 0.125, ""queue_consumed_lots"": 0, ""unmatched_lots"": 4}"
1772633474.239,400,BTCUSDT,queue_consumption,depth_update,ask,,721972,2,,,"{""fill_assumption_profile"": ""base"", ""modeled_lots"": 2, ""observed_lots"": 2, ""overlap_netted_lots"": 0, ""overlap_window_seconds"": 0.125, ""queue_consumed_lots"": 0, ""unmatched_lots"": 2}"
1772633474.246,401,BTCUSDT,market_record,aggTrade,,,,,,,"{""buyer_is_maker"": true, ""price"": ""71595.70"", ""qty"": ""0.003"", ""record_type"": ""aggTrade""}"
1772633474.246,402,BTCUSDT,queue_consumption,agg_trade,bid,,715957,3,,,"{""fill_assumption_profile"": ""base"", ""modeled_lots"": 3, ""observed_lots"": 3, ""overlap_netted_lots"": 0, ""overlap_window_seconds"": 0.125, ""queue_consumed_lots"": 3, ""unmatched_lots"": 0}"
1772633474.246,403,BTCUSDT,market_record,aggTrade,,,,,,,"{""buyer_is_maker"": true, ""price"": ""71595.20"", ""qty"": ""0.007"", ""record_type"": ""aggTrade""}"
1772633474.246,404,BTCUSDT,queue_consumption,agg_trade,bid,,715952,7,,,"{""fill_assumption_profile"": ""base"", ""modeled_lots"": 7, ""observed_lots"": 7, ""overlap_netted_lots"": 0, ""overlap_window_seconds"": 0.125, ""queue_consumed_lots"": 7, ""unmatched_lots"": 0}"
1772633474.246,405,BTCUSDT,market_record,aggTrade,,,,,,,"{""buyer_is_maker"": true, ""price"": ""71594.60"", ""qty"": ""0.003"", ""record_type"": ""aggTrade""}"
1772633474.246,406,BTCUSDT,queue_consumption,agg_trade,bid,,715946,3,,,"{""fill_assumption_profile"": ""base"", ""modeled_lots"": 3, ""observed_lots"": 3, ""overlap_netted_lots"": 0, ""overlap_window_seconds"": 0.125, ""queue_consumed_lots"": 3, ""unmatched_lots"": 0}"
1772633474.246,407,BTCUSDT,market_record,aggTrade,,,,,,,"{""buyer_is_maker"": true, ""price"": ""71594.50"", ""qty"": ""0.002"", ""record_type"": ""aggTrade""}"
1772633474.246,408,BTCUSDT,queue_consumption,agg_trade,bid,,715945,2,,,"{""fill_assumption_profile"": ""base"", ""modeled_lots"": 2, ""observed_lots"": 2, ""overlap_netted_lots"": 0, ""overlap_window_seconds"": 0.125, ""queue_consumed_lots"": 2, ""unmatched_lots"": 0}"
1772633474.246,409,BTCUSDT,market_record,aggTrade,,,,,,,"{""buyer_is_maker"": true, ""price"": ""71594.00"", ""qty"": ""0.002"", ""record_type"": ""aggTrade""}"
1772633474.246,410,BTCUSDT,queue_consumption,agg_trade,bid,,715940,2,,,"{""fill_assumption_profile"": ""base"", ""modeled_lots"": 2, ""observed_lots"": 2, ""overlap_netted_lots"": 0, ""overlap_window_seconds"": 0.125, ""queue_consumed_lots"": 2, ""unmatched_lots"": 0}"
1772633474.246,411,BTCUSDT,market_record,aggTrade,,,,,,,"{""buyer_is_maker"": true, ""price"": ""71593.90"", ""qty"": ""0.002"", ""record_type"": ""aggTrade""}"
1772633474.246,412,BTCUSDT,queue_consumption,agg_trade,bid,,715939,2,,,"{""fill_assumption_profile"": ""base"", ""modeled_lots"": 2, ""observed_lots"": 2, ""overlap_netted_lots"": 0, ""overlap_window_seconds"": 0.125, ""queue_consumed_lots"": 2, ""unmatched_lots"": 0}"
1772633474.246,413,BTCUSDT,market_record,aggTrade,,,,,,,"{""buyer_is_maker"": true, ""price"": ""71593.50"", ""qty"": ""0.001"", ""record_type"": ""aggTrade""}"
1772633474.246,414,BTCUSDT,queue_consumption,agg_trade,bid,,715935,1,,,"{""fill_assumption_profile"": ""base"", ""modeled_lots"": 1, ""observed_lots"": 1, ""overlap_netted_lots"": 0, ""overlap_window_seconds"": 0.125, ""queue_consumed_lots"": 1, ""unmatched_lots"": 0}"
1772633474.246,415,BTCUSDT,market_record,aggTrade,,,,,,,"{""buyer_is_maker"": true, ""price"": ""71593.30"", ""qty"": ""0.002"", ""record_type"": ""aggTrade""}"
1772633474.246,416,BTCUSDT,queue_consumption,agg_trade,bid,,715933,2,,,"{""fill_assumption_profile"": ""base"", ""modeled_lots"": 2, ""observed_lots"": 2, ""overlap_netted_lots"": 0, ""overlap_window_seconds"": 0.125, ""queue_consumed_lots"": 2, ""unmatched_lots"": 0}"
1772633474.246,417,BTCUSDT,market_record,aggTrade,,,,,,,"{""buyer_is_maker"": true, ""price"": ""71593.20"", ""qty"": ""0.002"", ""record_type"": ""aggTrade""}"
1772633474.246,418,BTCUSDT,queue_consumption,agg_trade,bid,,715932,2,,,"{""fill_assumption_profile"": ""base"", ""modeled_lots"": 2, ""observed_lots"": 2, ""overlap_netted_lots"": 0, ""overlap_window_seconds"": 0.125, ""queue_consumed_lots"": 2, ""unmatched_lots"": 0}"
1772633474.246,419,BTCUSDT,market_record,aggTrade,,,,,,,"{""buyer_is_maker"": true, ""price"": ""71593.10"", ""qty"": ""0.005"", ""record_type"": ""aggTrade""}"
1772633474.246,420,BTCUSDT,queue_consumption,agg_trade,bid,,715931,5,,,"{""fill_assumption_profile"": ""base"", ""modeled_lots"": 5, ""observed_lots"": 5, ""overlap_netted_lots"": 0, ""overlap_window_seconds"": 0.125, ""queue_consumed_lots"": 5, ""unmatched_lots"": 0}"
1772633474.246,421,BTCUSDT,market_record,aggTrade,,,,,,,"{""buyer_is_maker"": true, ""price"": ""71592.90"", ""qty"": ""0.001"", ""record_type"": ""aggTrade""}"
1772633474.246,422,BTCUSDT,queue_consumption,agg_trade,bid,,715929,1,,,"{""fill_assumption_profile"": ""base"", ""modeled_lots"": 1, ""observed_lots"": 1, ""overlap_netted_lots"": 0, ""overlap_window_seconds"": 0.125, ""queue_consumed_lots"": 1, ""unmatched_lots"": 0}"
1772633474.246,423,BTCUSDT,market_record,aggTrade,,,,,,,"{""buyer_is_maker"": true, ""price"": ""71592.80"", ""qty"": ""0.003"", ""record_type"": ""aggTrade""}"
1772633474.246,424,BTCUSDT,queue_consumption,agg_trade,bid,,715928,3,,,"{""fill_assumption_profile"": ""base"", ""modeled_lots"": 3, ""observed_lots"": 3, ""overlap_netted_lots"": 0, ""overlap_window_seconds"": 0.125, ""queue_consumed_lots"": 3, ""unmatched_lots"": 0}"
1772633474.255,425,BTCUSDT,market_record,aggTrade,,,,,,,"{""buyer_is_maker"": true, ""price"": ""71592.50"", ""qty"": ""0.040"", ""record_type"": ""aggTrade""}"
1772633474.255,426,BTCUSDT,queue_consumption,agg_trade,bid,,715925,40,,,"{""fill_assumption_profile"": ""base"", ""modeled_lots"": 40, ""observed_lots"": 40, ""overlap_netted_lots"": 0, ""overlap_window_seconds"": 0.125, ""queue_consumed_lots"": 40, ""unmatched_lots"": 0}"
1772633474.255,427,BTCUSDT,market_record,aggTrade,,,,,,,"{""buyer_is_maker"": true, ""price"": ""71592.40"", ""qty"": ""0.003"", ""record_type"": ""aggTrade""}"
1772633474.255,428,BTCUSDT,queue_consumption,agg_trade,bid,,715924,3,,,"{""fill_assumption_profile"": ""base"", ""modeled_lots"": 3, ""observed_lots"": 3, ""overlap_netted_lots"": 0, ""overlap_window_seconds"": 0.125, ""queue_consumed_lots"": 3, ""unmatched_lots"": 0}"
1772633474.255,429,BTCUSDT,market_record,aggTrade,,,,,,,"{""buyer_is_maker"": true, ""price"": ""71592.20"", ""qty"": ""0.002"", ""record_type"": ""aggTrade""}"
1772633474.255,430,BTCUSDT,queue_consumption,agg_trade,bid,,715922,2,,,"{""fill_assumption_profile"": ""base"", ""modeled_lots"": 2, ""observed_lots"": 2, ""overlap_netted_lots"": 0, ""overlap_window_seconds"": 0.125, ""queue_consumed_lots"": 2, ""unmatched_lots"": 0}"
1772633474.255,431,BTCUSDT,market_record,aggTrade,,,,,,,"{""buyer_is_maker"": true, ""price"": ""71592.00"", ""qty"": ""0.002"", ""record_type"": ""aggTrade""}"
1772633474.255,432,BTCUSDT,queue_consumption,agg_trade,bid,,715920,2,,,"{""fill_assumption_profile"": ""base"", ""modeled_lots"": 2, ""observed_lots"": 2, ""overlap_netted_lots"": 0, ""overlap_window_seconds"": 0.125, ""queue_consumed_lots"": 2, ""unmatched_lots"": 0}"
1772633474.255,433,BTCUSDT,market_record,aggTrade,,,,,,,"{""buyer_is_maker"": true, ""price"": ""71591.80"", ""qty"": ""0.002"", ""record_type"": ""aggTrade""}"
1772633474.255,434,BTCUSDT,queue_consumption,agg_trade,bid,,715918,2,,,"{""fill_assumption_profile"": ""base"", ""modeled_lots"": 2, ""observed_lots"": 2, ""overlap_netted_lots"": 0, ""overlap_window_seconds"": 0.125, ""queue_consumed_lots"": 2, ""unmatched_lots"": 0}"
1772633474.255,435,BTCUSDT,market_record,aggTrade,,,,,,,"{""buyer_is_maker"": true, ""price"": ""71591.70"", ""qty"": ""0.005"", ""record_type"": ""aggTrade""}"
1772633474.255,436,BTCUSDT,queue_consumption,agg_trade,bid,,715917,5,,,"{""fill_assumption_profile"": ""base"", ""modeled_lots"": 5, ""observed_lots"": 5, ""overlap_netted_lots"": 0, ""overlap_window_seconds"": 0.125, ""queue_consumed_lots"": 5, ""unmatched_lots"": 0}"
1772633474.257,437,BTCUSDT,market_record,aggTrade,,,,,,,"{""buyer_is_maker"": true, ""price"": ""71591.10"", ""qty"": ""0.001"", ""record_type"": ""aggTrade""}"
1772633474.257,438,BTCUSDT,queue_consumption,agg_trade,bid,,715911,1,,,"{""fill_assumption_profile"": ""base"", ""modeled_lots"": 1, ""observed_lots"": 1, ""overlap_netted_lots"": 0, ""overlap_window_seconds"": 0.125, ""queue_consumed_lots"": 1, ""unmatched_lots"": 0}"
1772633474.258,439,BTCUSDT,market_record,aggTrade,,,,,,,"{""buyer_is_maker"": true, ""price"": ""71590.90"", ""qty"": ""0.006"", ""record_type"": ""aggTrade""}"
1772633474.258,440,BTCUSDT,queue_consumption,agg_trade,bid,,715909,6,,,"{""fill_assumption_profile"": ""base"", ""modeled_lots"": 6, ""observed_lots"": 6, ""overlap_netted_lots"": 0, ""overlap_window_seconds"": 0.125, ""queue_consumed_lots"": 4, ""unmatched_lots"": 2}"
1772633474.258,441,BTCUSDT,market_record,aggTrade,,,,,,,"{""buyer_is_maker"": true, ""price"": ""71590.70"", ""qty"": ""0.004"", ""record_type"": ""aggTrade""}"
1772633474.258,442,BTCUSDT,queue_consumption,agg_trade,bid,,715907,4,,,"{""fill_assumption_profile"": ""base"", ""modeled_lots"": 4, ""observed_lots"": 4, ""overlap_netted_lots"": 0, ""overlap_window_seconds"": 0.125, ""queue_consumed_lots"": 4, ""unmatched_lots"": 0}"
1772633474.258,443,BTCUSDT,market_record,aggTrade,,,,,,,"{""buyer_is_maker"": true, ""price"": ""71590.50"", ""qty"": ""0.002"", ""record_type"": ""aggTrade""}"
1772633474.258,444,BTCUSDT,queue_consumption,agg_trade,bid,,715905,2,,,"{""fill_assumption_profile"": ""base"", ""modeled_lots"": 2, ""observed_lots"": 2, ""overlap_netted_lots"": 0, ""overlap_window_seconds"": 0.125, ""queue_consumed_lots"": 2, ""unmatched_lots"": 0}"
1772633474.263,445,BTCUSDT,market_record,aggTrade,,,,,,,"{""buyer_is_maker"": true, ""price"": ""71590.20"", ""qty"": ""0.002"", ""record_type"": ""aggTrade""}"
1772633474.263,446,BTCUSDT,queue_consumption,agg_trade,bid,,715902,2,,,"{""fill_assumption_profile"": ""base"", ""modeled_lots"": 2, ""observed_lots"": 2, ""overlap_netted_lots"": 0, ""overlap_window_seconds"": 0.125, ""queue_consumed_lots"": 2, ""unmatched_lots"": 0}"
1772633474.263,447,BTCUSDT,market_record,aggTrade,,,,,,,"{""buyer_is_maker"": true, ""price"": ""71590.00"", ""qty"": ""0.004"", ""record_type"": ""aggTrade""}"
1772633474.263,448,BTCUSDT,queue_consumption,agg_trade,bid,,715900,4,,,"{""fill_assumption_profile"": ""base"", ""modeled_lots"": 4, ""observed_lots"": 4, ""overlap_netted_lots"": 0, ""overlap_window_seconds"": 0.125, ""queue_consumed_lots"": 4, ""unmatched_lots"": 0}"
1772633474.265,449,BTCUSDT,market_record,aggTrade,,,,,,,"{""buyer_is_maker"": true, ""price"": ""71589.90"", ""qty"": ""0.002"", ""record_type"": ""aggTrade""}"
1772633474.265,450,BTCUSDT,queue_consumption,agg_trade,bid,,715899,2,,,"{""fill_assumption_profile"": ""base"", ""modeled_lots"": 2, ""observed_lots"": 2, ""overlap_netted_lots"": 0, ""overlap_window_seconds"": 0.125, ""queue_consumed_lots"": 2, ""unmatched_lots"": 0}"
1772633474.265,451,BTCUSDT,market_record,aggTrade,,,,,,,"{""buyer_is_maker"": true, ""price"": ""71589.60"", ""qty"": ""0.005"", ""record_type"": ""aggTrade""}"
1772633474.265,452,BTCUSDT,queue_consumption,agg_trade,bid,,715896,5,,,"{""fill_assumption_profile"": ""base"", ""modeled_lots"": 5, ""observed_lots"": 5, ""overlap_netted_lots"": 0, ""overlap_window_seconds"": 0.125, ""queue_consumed_lots"": 5, ""unmatched_lots"": 0}"
1772633474.265,453,BTCUSDT,market_record,aggTrade,,,,,,,"{""buyer_is_maker"": true, ""price"": ""71589.40"", ""qty"": ""0.002"", ""record_type"": ""aggTrade""}"
1772633474.265,454,BTCUSDT,queue_consumption,agg_trade,bid,,715894,2,,,"{""fill_assumption_profile"": ""base"", ""modeled_lots"": 2, ""observed_lots"": 2, ""overlap_netted_lots"": 0, ""overlap_window_seconds"": 0.125, ""queue_consumed_lots"": 2, ""unmatched_lots"": 0}"
1772633474.281,455,BTCUSDT,market_record,aggTrade,,,,,,,"{""buyer_is_maker"": true, ""price"": ""71589.30"", ""qty"": ""0.003"", ""record_type"": ""aggTrade""}"
1772633474.281,456,BTCUSDT,queue_consumption,agg_trade,bid,,715893,3,,,"{""fill_assumption_profile"": ""base"", ""modeled_lots"": 3, ""observed_lots"": 3, ""overlap_netted_lots"": 0, ""overlap_window_seconds"": 0.125, ""queue_consumed_lots"": 3, ""unmatched_lots"": 0}"
1772633474.285,457,BTCUSDT,market_record,aggTrade,,,,,,,"{""buyer_is_maker"": true, ""price"": ""71589.00"", ""qty"": ""0.006"", ""record_type"": ""aggTrade""}"
1772633474.285,458,BTCUSDT,queue_consumption,agg_trade,bid,,715890,6,,,"{""fill_assumption_profile"": ""base"", ""modeled_lots"": 6, ""observed_lots"": 6, ""overlap_netted_lots"": 0, ""overlap_window_seconds"": 0.125, ""queue_consumed_lots"": 6, ""unmatched_lots"": 0}"
1772633474.285,459,BTCUSDT,market_record,aggTrade,,,,,,,"{""buyer_is_maker"": true, ""price"": ""71588.90"", ""qty"": ""0.007"", ""record_type"": ""aggTrade""}"
1772633474.285,460,BTCUSDT,queue_consumption,agg_trade,bid,,715889,7,,,"{""fill_assumption_profile"": ""base"", ""modeled_lots"": 7, ""observed_lots"": 7, ""overlap_netted_lots"": 0, ""overlap_window_seconds"": 0.125, ""queue_consumed_lots"": 7, ""unmatched_lots"": 0}"
1772633474.285,461,BTCUSDT,market_record,aggTrade,,,,,,,"{""buyer_is_maker"": true, ""price"": ""71588.10"", ""qty"": ""0.002"", ""record_type"": ""aggTrade""}"
1772633474.285,462,BTCUSDT,queue_consumption,agg_trade,bid,,715881,2,,,"{""fill_assumption_profile"": ""base"", ""modeled_lots"": 2, ""observed_lots"": 2, ""overlap_netted_lots"": 0, ""overlap_window_seconds"": 0.125, ""queue_consumed_lots"": 2, ""unmatched_lots"": 0}"
1772633474.285,463,BTCUSDT,market_record,aggTrade,,,,,,,"{""buyer_is_maker"": true, ""price"": ""71588.00"", ""qty"": ""0.002"", ""record_type"": ""aggTrade""}"
1772633474.285,464,BTCUSDT,queue_consumption,agg_trade,bid,,715880,2,,,"{""fill_assumption_profile"": ""base"", ""modeled_lots"": 2, ""observed_lots"": 2, ""overlap_netted_lots"": 0, ""overlap_window_seconds"": 0.125, ""queue_consumed_lots"": 2, ""unmatched_lots"": 0}"
1772633474.285,465,BTCUSDT,market_record,aggTrade,,,,,,,"{""buyer_is_maker"": true, ""price"": ""71587.80"", ""qty"": ""0.002"", ""record_type"": ""aggTrade""}"
1772633474.285,466,BTCUSDT,queue_consumption,agg_trade,bid,,715878,2,,,"{""fill_assumption_profile"": ""base"", ""modeled_lots"": 2, ""observed_lots"": 2, ""overlap_netted_lots"": 0, ""overlap_window_seconds"": 0.125, ""queue_consumed_lots"": 2, ""unmatched_lots"": 0}"
1772633474.285,467,BTCUSDT,market_record,aggTrade,,,,,,,"{""buyer_is_maker"": true, ""price"": ""71587.60"", ""qty"": ""0.004"", ""record_type"": ""aggTrade""}"
1772633474.285,468,BTCUSDT,queue_consumption,agg_trade,bid,,715876,4,,,"{""fill_assumption_profile"": ""base"", ""modeled_lots"": 4, ""observed_lots"": 4, ""overlap_netted_lots"": 0, ""overlap_window_seconds"": 0.125, ""queue_consumed_lots"": 4, ""unmatched_lots"": 0}"
1772633474.289,469,BTCUSDT,market_record,aggTrade,,,,,,,"{""buyer_is_maker"": true, ""price"": ""71587.50"", ""qty"": ""0.004"", ""record_type"": ""aggTrade""}"
1772633474.289,470,BTCUSDT,queue_consumption,agg_trade,bid,,715875,4,,,"{""fill_assumption_profile"": ""base"", ""modeled_lots"": 4, ""observed_lots"": 4, ""overlap_netted_lots"": 0, ""overlap_window_seconds"": 0.125, ""queue_consumed_lots"": 4, ""unmatched_lots"": 0}"
1772633474.29,471,BTCUSDT,market_record,aggTrade,,,,,,,"{""buyer_is_maker"": true, ""price"": ""71587.40"", ""qty"": ""0.031"", ""record_type"": ""aggTrade""}"
1772633474.29,472,BTCUSDT,queue_consumption,agg_trade,bid,,715874,31,,,"{""fill_assumption_profile"": ""base"", ""modeled_lots"": 31, ""observed_lots"": 31, ""overlap_netted_lots"": 0, ""overlap_window_seconds"": 0.125, ""queue_consumed_lots"": 31, ""unmatched_lots"": 0}"
1772633474.311,473,BTCUSDT,market_record,aggTrade,,,,,,,"{""buyer_is_maker"": true, ""price"": ""71587.10"", ""qty"": ""0.002"", ""record_type"": ""aggTrade""}"
1772633474.311,474,BTCUSDT,queue_consumption,agg_trade,bid,,715871,2,,,"{""fill_assumption_profile"": ""base"", ""modeled_lots"": 2, ""observed_lots"": 2, ""overlap_netted_lots"": 0, ""overlap_window_seconds"": 0.125, ""queue_consumed_lots"": 2, ""unmatched_lots"": 0}"
1772633474.317,475,BTCUSDT,market_record,aggTrade,,,,,,,"{""buyer_is_maker"": true, ""price"": ""71587.00"", ""qty"": ""0.028"", ""record_type"": ""aggTrade""}"
1772633474.317,476,BTCUSDT,queue_consumption,agg_trade,bid,,715870,28,,,"{""fill_assumption_profile"": ""base"", ""modeled_lots"": 28, ""observed_lots"": 28, ""overlap_netted_lots"": 0, ""overlap_window_seconds"": 0.125, ""queue_consumed_lots"": 25, ""unmatched_lots"": 3}"
1772633474.341,477,BTCUSDT,market_record,depthUpdate,,,,,,,"{""ask_updates"": 450, ""bid_updates"": 500, ""final_update_id"": 10038350910848, ""first_update_id"": 10038350878664, ""prev_update_id"": 10038350878600, ""record_type"": ""depthUpdate""}"
1772633474.341,478,BTCUSDT,queue_consumption,depth_update,bid,,50000,20,,,"{""fill_assumption_profile"": ""base"", ""modeled_lots"": 20, ""observed_lots"": 20, ""overlap_netted_lots"": 0, ""overlap_window_seconds"": 0.125, ""queue_consumed_lots"": 0, ""unmatched_lots"": 20}"
1772633474.341,479,BTCUSDT,queue_consumption,depth_update,bid,,211997,72,,,"{""fill_assumption_profile"": ""base"", ""modeled_lots"": 72, ""observed_lots"": 72, ""overlap_netted_lots"": 0, ""overlap_window_seconds"": 0.125, ""queue_consumed_lots"": 0, ""unmatched_lots"": 72}"
1772633474.341,480,BTCUSDT,queue_consumption,depth_update,bid,,213997,81,,,"{""fill_assumption_profile"": ""base"", ""modeled_lots"": 81, ""observed_lots"": 81, ""overlap_netted_lots"": 0, ""overlap_window_seconds"": 0.125, ""queue_consumed_lots"": 0, ""unmatched_lots"": 81}"
1772633474.341,481,BTCUSDT,queue_consumption,depth_update,bid,,214997,72,,,"{""fill_assumption_profile"": ""base"", ""modeled_lots"": 72, ""observed_lots"": 72, ""overlap_netted_lots"": 0, ""overlap_window_seconds"": 0.125, ""queue_consumed_lots"": 0, ""unmatched_lots"": 72}"
1772633474.341,482,BTCUSDT,queue_consumption,depth_update,bid,,410997,63,,,"{""fill_assumption_profile"": ""base"", ""modeled_lots"": 63, ""observed_lots"": 63, ""overlap_netted_lots"": 0, ""overlap_window_seconds"": 0.125, ""queue_consumed_lots"": 0, ""unmatched_lots"": 63}"
1772633474.341,483,BTCUSDT,queue_consumption,depth_update,bid,,411997,30,,,"{""fill_assumption_profile"": ""base"", ""modeled_lots"": 30, ""observed_lots"": 30, ""overlap_netted_lots"": 0, ""overlap_window_seconds"": 0.125, ""queue_consumed_lots"": 0, ""unmatched_lots"": 30}"
1772633474.341,484,BTCUSDT,queue_consumption,depth_update,bid,,705538,2,,,"{""fill_assumption_profile"": ""base"", ""modeled_lots"": 2, ""observed_lots"": 2, ""overlap_netted_lots"": 0, ""overlap_window_seconds"": 0.125, ""queue_consumed_lots"": 0, ""unmatched_lots"": 2}"
1772633474.341,485,BTCUSDT,queue_consumption,depth_update,bid,,708792,2,,,"{""fill_assumption_profile"": ""base"", ""modeled_lots"": 2, ""observed_lots"": 2, ""overlap_netted_lots"": 0, ""overlap_window_seconds"": 0.125, ""queue_consumed_lots"": 0, ""unmatched_lots"": 2}"
1772633474.341,486,BTCUSDT,queue_consumption,depth_update,bid,,714737,2,,,"{""fill_assumption_profile"": ""base"", ""modeled_lots"": 2, ""observed_lots"": 2, ""overlap_netted_lots"": 0, ""overlap_window_seconds"": 0.125, ""queue_consumed_lots"": 0, ""unmatched_lots"": 2}"
1772633474.341,487,BTCUSDT,queue_consumption,depth_update,bid,,714743,3,,,"{""fill_assumption_profile"": ""base"", ""modeled_lots"": 3, ""observed_lots"": 3, ""overlap_netted_lots"": 0, ""overlap_window_seconds"": 0.125, ""queue_consumed_lots"": 0, ""unmatched_lots"": 3}"
1772633474.341,488,BTCUSDT,queue_consumption,depth_update,bid,,714812,2,,,"{""fill_assumption_profile"": ""base"", ""modeled_lots"": 2, ""observed_lots"": 2, ""overlap_netted_lots"": 0, ""overlap_window_seconds"": 0.125, ""queue_consumed_lots"": 0, ""unmatched_lots"": 2}"
1772633474.341,489,BTCUSDT,queue_consumption,depth_update,bid,,714869,20,,,"{""fill_assumption_profile"": ""base"", ""modeled_lots"": 20, ""observed_lots"": 20, ""overlap_netted_lots"": 0, ""overlap_window_seconds"": 0.125, ""queue_consumed_lots"": 0, ""unmatched_lots"": 20}"
1772633474.341,490,BTCUSDT,queue_consumption,depth_update,bid,,714905,2,,,"{""fill_assumption_profile"": ""base"", ""modeled_lots"": 2, ""observed_lots"": 2, ""overlap_netted_lots"": 0, ""overlap_window_seconds"": 0.125, ""queue_consumed_lots"": 0, ""unmatched_lots"": 2}"
1772633474.341,491,BTCUSDT,queue_consumption,depth_update,bid,,715004,7,,,"{""fill_assumption_profile"": ""base"", ""modeled_lots"": 7, ""observed_lots"": 7, ""overlap_netted_lots"": 0, ""overlap_window_seconds"": 0.125, ""queue_consumed_lots"": 0, ""unmatched_lots"": 7}"
1772633474.341,492,BTCUSDT,queue_consumption,depth_update,bid,,715058,4,,,"{""fill_assumption_profile"": ""base"", ""modeled_lots"": 4, ""observed_lots"": 4, ""overlap_netted_lots"": 0, ""overlap_window_seconds"": 0.125, ""queue_consumed_lots"": 0, ""unmatched_lots"": 4}"
1772633474.341,493,BTCUSDT,queue_consumption,depth_update,bid,,715069,6491,,,"{""fill_assumption_profile"": ""base"", ""modeled_lots"": 6491, ""observed_lots"": 6491, ""overlap_netted_lots"": 0, ""overlap_window_seconds"": 0.125, ""queue_consumed_lots"": 0, ""unmatched_lots"": 6491}"
1772633474.341,494,BTCUSDT,queue_consumption,depth_update,bid,,715074,10,,,"{""fill_assumption_profile"": ""base"", ""modeled_lots"": 10, ""observed_lots"": 10, ""overlap_netted_lots"": 0, ""overlap_window_seconds"": 0.125, ""queue_consumed_lots"": 0, ""unmatched_lots"": 10}"
1772633474.341,495,BTCUSDT,queue_consumption,depth_update,bid,,715075,7,,,"{""fill_assumption_profile"": ""base"", ""modeled_lots"": 7, ""observed_lots"": 7, ""overlap_netted_lots"": 0, ""overlap_window_seconds"": 0.125, ""queue_consumed_lots"": 0, ""unmatched_lots"": 7}"
1772633474.341,496,BTCUSDT,queue_consumption,depth_update,bid,,715083,2,,,"{""fill_assumption_profile"": ""base"", ""modeled_lots"": 2, ""observed_lots"": 2, ""overlap_netted_lots"": 0, ""overlap_window_seconds"": 0.125, ""queue_consumed_lots"": 0, ""unmatched_lots"": 2}"
1772633474.341,497,BTCUSDT,queue_consumption,depth_update,bid,,715091,2,,,"{""fill_assumption_profile"": ""base"", ""modeled_lots"": 2, ""observed_lots"": 2, ""overlap_netted_lots"": 0, ""overlap_window_seconds"": 0.125, ""queue_consumed_lots"": 0, ""unmatched_lots"": 2}"
1772633474.341,498,BTCUSDT,queue_consumption,depth_update,bid,,715104,25,,,"{""fill_assumption_profile"": ""base"", ""modeled_lots"": 25, ""observed_lots"": 25, ""overlap_netted_lots"": 0, ""overlap_window_seconds"": 0.125, ""queue_consumed_lots"": 0, ""unmatched_lots"": 25}"
1772633474.341,499,BTCUSDT,queue_consumption,depth_update,bid,,715120,23,,,"{""fill_assumption_profile"": ""base"", ""modeled_lots"": 23, ""observed_lots"": 23, ""overlap_netted_lots"": 0, ""overlap_window_seconds"": 0.125, ""queue_consumed_lots"": 0, ""unmatched_lots"": 23}"
1772633474.341,500,BTCUSDT,queue_consumption,depth_update,bid,,715151,74,,,"{""fill_assumption_profile"": ""base"", ""modeled_lots"": 74, ""observed_lots"": 74, ""overlap_netted_lots"": 0, ""overlap_window_seconds"": 0.125, ""queue_consumed_lots"": 0, ""unmatched_lots"": 74}"
1772633474.341,501,BTCUSDT,queue_consumption,depth_update,bid,,715192,3,,,"{""fill_assumption_profile"": ""base"", ""modeled_lots"": 3, ""observed_lots"": 3, ""overlap_netted_lots"": 0, ""overlap_window_seconds"": 0.125, ""queue_consumed_lots"": 0, ""unmatched_lots"": 3}"
1772633474.341,502,BTCUSDT,queue_consumption,depth_update,bid,,715212,3,,,"{""fill_assumption_profile"": ""base"", ""modeled_lots"": 3, ""observed_lots"": 3, ""overlap_netted_lots"": 0, ""overlap_window_seconds"": 0.125, ""queue_consumed_lots"": 0, ""unmatched_lots"": 3}"
1772633474.341,503,BTCUSDT,queue_consumption,depth_update,bid,,715255,2,,,"{""fill_assumption_profile"": ""base"", ""modeled_lots"": 2, ""observed_lots"": 2, ""overlap_netted_lots"": 0, ""overlap_window_seconds"": 0.125, ""queue_consumed_lots"": 0, ""unmatched_lots"": 2}"
1772633474.341,504,BTCUSDT,queue_consumption,depth_update,bid,,715282,128,,,"{""fill_assumption_profile"": ""base"", ""modeled_lots"": 128, ""observed_lots"": 128, ""overlap_netted_lots"": 0, ""overlap_window_seconds"": 0.125, ""queue_consumed_lots"": 0, ""unmatched_lots"": 128}"
1772633474.341,505,BTCUSDT,queue_consumption,depth_update,bid,,715283,39,,,"{""fill_assumption_profile"": ""base"", ""modeled_lots"": 39, ""observed_lots"": 39, ""overlap_netted_lots"": 0, ""overlap_window_seconds"": 0.125, ""queue_consumed_lots"": 0, ""unmatched_lots"": 39}"
1772633474.341,506,BTCUSDT,queue_consumption,depth_update,bid,,715284,121,,,"{""fill_assumption_profile"": ""base"", ""modeled_lots"": 121, ""observed_lots"": 121, ""overlap_netted_lots"": 0, ""overlap_window_seconds"": 0.125, ""queue_consumed_lots"": 0, ""unmatched_lots"": 121}"
1772633474.341,507,BTCUSDT,queue_consumption,depth_update,bid,,715294,59,,,"{""fill_assumption_profile"": ""base"", ""modeled_lots"": 59, ""observed_lots"": 59, ""overlap_netted_lots"": 0, ""overlap_window_seconds"": 0.125, ""queue_consumed_lots"": 0, ""unmatched_lots"": 59}"
1772633474.341,508,BTCUSDT,queue_consumption,depth_update,bid,,715297,128,,,"{""fill_assumption_profile"": ""base"", ""modeled_lots"": 128, ""observed_lots"": 128, ""overlap_netted_lots"": 0, ""overlap_window_seconds"": 0.125, ""queue_consumed_lots"": 0, ""unmatched_lots"": 128}"
1772633474.341,509,BTCUSDT,queue_consumption,depth_update,bid,,715299,279,,,"{""fill_assumption_profile"": ""base"", ""modeled_lots"": 279, ""observed_lots"": 279, ""overlap_netted_lots"": 0, ""overlap_window_seconds"": 0.125, ""queue_consumed_lots"": 0, ""unmatched_lots"": 279}"
1772633474.341,510,BTCUSDT,queue_consumption,depth_update,bid,,715303,128,,,"{""fill_assumption_profile"": ""base"", ""modeled_lots"": 128, ""observed_lots"": 128, ""overlap_netted_lots"": 0, ""overlap_window_seconds"": 0.125, ""queue_consumed_lots"": 0, ""unmatched_lots"": 128}"
1772633474.341,511,BTCUSDT,queue_consumption,depth_update,bid,,715327,126,,,"{""fill_assumption_profile"": ""base"", ""modeled_lots"": 126, ""observed_lots"": 126, ""overlap_netted_lots"": 0, ""overlap_window_seconds"": 0.125, ""queue_consumed_lots"": 0, ""unmatched_lots"": 126}"
1772633474.341,512,BTCUSDT,queue_consumption,depth_update,bid,,715336,128,,,"{""fill_assumption_profile"": ""base"", ""modeled_lots"": 128, ""observed_lots"": 128, ""overlap_netted_lots"": 0, ""overlap_window_seconds"": 0.125, ""queue_consumed_lots"": 0, ""unmatched_lots"": 128}"
1772633474.341,513,BTCUSDT,queue_consumption,depth_update,bid,,715346,349,,,"{""fill_assumption_profile"": ""base"", ""modeled_lots"": 349, ""observed_lots"": 349, ""overlap_netted_lots"": 0, ""overlap_window_seconds"": 0.125, ""queue_consumed_lots"": 0, ""unmatched_lots"": 349}"
1772633474.341,514,BTCUSDT,queue_consumption,depth_update,bid,,715348,147,,,"{""fill_assumption_profile"": ""base"", ""modeled_lots"": 147, ""observed_lots"": 147, ""overlap_netted_lots"": 0, ""overlap_window_seconds"": 0.125, ""queue_consumed_lots"": 0, ""unmatched_lots"": 147}"
1772633474.341,515,BTCUSDT,queue_consumption,depth_update,bid,,715362,261,,,"{""fill_assumption_profile"": ""base"", ""modeled_lots"": 261, ""observed_lots"": 261, ""overlap_netted_lots"": 0, ""overlap_window_seconds"": 0.125, ""queue_consumed_lots"": 0, ""unmatched_lots"": 261}"
1772633474.341,516,BTCUSDT,queue_consumption,depth_update,bid,,715367,50,,,"{""fill_assumption_profile"": ""base"", ""modeled_lots"": 50, ""observed_lots"": 50, ""overlap_netted_lots"": 0, ""overlap_window_seconds"": 0.125, ""queue_consumed_lots"": 0, ""unmatched_lots"": 50}"
1772633474.341,517,BTCUSDT,queue_consumption,depth_update,bid,,715369,2,,,"{""fill_assumption_profile"": ""base"", ""modeled_lots"": 2, ""observed_lots"": 2, ""overlap_netted_lots"": 0, ""overlap_window_seconds"": 0.125, ""queue_consumed_lots"": 0, ""unmatched_lots"": 2}"
1772633474.341,518,BTCUSDT,queue_consumption,depth_update,bid,,715391,3,,,"{""fill_assumption_profile"": ""base"", ""modeled_lots"": 3, ""observed_lots"": 3, ""overlap_netted_lots"": 0, ""overlap_window_seconds"": 0.125, ""queue_consumed_lots"": 0, ""unmatched_lots"": 3}"
1772633474.341,519,BTCUSDT,queue_consumption,depth_update,bid,,715397,29,,,"{""fill_assumption_profile"": ""base"", ""modeled_lots"": 29, ""observed_lots"": 29, ""overlap_netted_lots"": 0, ""overlap_window_seconds"": 0.125, ""queue_consumed_lots"": 0, ""unmatched_lots"": 29}"
1772633474.341,520,BTCUSDT,queue_consumption,depth_update,bid,,715409,28,,,"{""fill_assumption_profile"": ""base"", ""modeled_lots"": 28, ""observed_lots"": 28, ""overlap_netted_lots"": 0, ""overlap_window_seconds"": 0.125, ""queue_consumed_lots"": 0, ""unmatched_lots"": 28}"
1772633474.341,521,BTCUSDT,queue_consumption,depth_update,bid,,715421,13,,,"{""fill_assumption_profile"": ""base"", ""modeled_lots"": 13, ""observed_lots"": 13, ""overlap_netted_lots"": 0, ""overlap_window_seconds"": 0.125, ""queue_consumed_lots"": 0, ""unmatched_lots"": 13}"
1772633474.341,522,BTCUSDT,queue_consumption,depth_update,bid,,715436,2,,,"{""fill_assumption_profile"": ""base"", ""modeled_lots"": 2, ""observed_lots"": 2, ""overlap_netted_lots"": 0, ""overlap_window_seconds"": 0.125, ""queue_consumed_lots"": 0, ""unmatched_lots"": 2}"
1772633474.341,523,BTCUSDT,queue_consumption,depth_update,bid,,715441,30,,,"{""fill_assumption_profile"": ""base"", ""modeled_lots"": 30, ""observed_lots"": 30, ""overlap_netted_lots"": 0, ""overlap_window_seconds"": 0.125, ""queue_consumed_lots"": 0, ""unmatched_lots"": 30}"
1772633474.341,524,BTCUSDT,queue_consumption,depth_update,bid,,715448,2,,,"{""fill_assumption_profile"": ""base"", ""modeled_lots"": 2, ""observed_lots"": 2, ""overlap_netted_lots"": 0, ""overlap_window_seconds"": 0.125, ""queue_consumed_lots"": 0, ""unmatched_lots"": 2}"
1772633474.341,525,BTCUSDT,queue_consumption,depth_update,bid,,715452,31,,,"{""fill_assumption_profile"": ""base"", ""modeled_lots"": 31, ""observed_lots"": 31, ""overlap_netted_lots"": 0, ""overlap_window_seconds"": 0.125, ""queue_consumed_lots"": 0, ""unmatched_lots"": 31}"
1772633474.341,526,BTCUSDT,queue_consumption,depth_update,bid,,715472,20,,,"{""fill_assumption_profile"": ""base"", ""modeled_lots"": 20, ""observed_lots"": 20, ""overlap_netted_lots"": 0, ""overlap_window_seconds"": 0.125, ""queue_consumed_lots"": 0, ""unmatched_lots"": 20}"
1772633474.341,527,BTCUSDT,queue_consumption,depth_update,bid,,715476,28,,,"{""fill_assumption_profile"": ""base"", ""modeled_lots"": 28, ""observed_lots"": 28, ""overlap_netted_lots"": 0, ""overlap_window_seconds"": 0.125, ""queue_consumed_lots"": 0, ""unmatched_lots"": 28}"
1772633474.341,528,BTCUSDT,queue_consumption,depth_update,bid,,715486,5,,,"{""fill_assumption_profile"": ""base"", ""modeled_lots"": 5, ""observed_lots"": 5, ""overlap_netted_lots"": 0, ""overlap_window_seconds"": 0.125, ""queue_consumed_lots"": 0, ""unmatched_lots"": 5}"
1772633474.341,529,BTCUSDT,queue_consumption,depth_update,bid,,715492,40,,,"{""fill_assumption_profile"": ""base"", ""modeled_lots"": 40, ""observed_lots"": 40, ""overlap_netted_lots"": 0, ""overlap_window_seconds"": 0.125, ""queue_consumed_lots"": 0, ""unmatched_lots"": 40}"
1772633474.341,530,BTCUSDT,queue_consumption,depth_update,bid,,715495,40,,,"{""fill_assumption_profile"": ""base"", ""modeled_lots"": 40, ""observed_lots"": 40, ""overlap_netted_lots"": 0, ""overlap_window_seconds"": 0.125, ""queue_consumed_lots"": 0, ""unmatched_lots"": 40}"
1772633474.341,531,BTCUSDT,queue_consumption,depth_update,bid,,715512,48,,,"{""fill_assumption_profile"": ""base"", ""modeled_lots"": 48, ""observed_lots"": 48, ""overlap_netted_lots"": 0, ""overlap_window_seconds"": 0.125, ""queue_consumed_lots"": 0, ""unmatched_lots"": 48}"
1772633474.341,532,BTCUSDT,queue_consumption,depth_update,bid,,715517,173,,,"{""fill_assumption_profile"": ""base"", ""modeled_lots"": 173, ""observed_lots"": 173, ""overlap_netted_lots"": 0, ""overlap_window_seconds"": 0.125, ""queue_consumed_lots"": 0, ""unmatched_lots"": 173}"
1772633474.341,533,BTCUSDT,queue_consumption,depth_update,bid,,715518,34,,,"{""fill_assumption_profile"": ""base"", ""modeled_lots"": 34, ""observed_lots"": 34, ""overlap_netted_lots"": 0, ""overlap_window_seconds"": 0.125, ""queue_consumed_lots"": 0, ""unmatched_lots"": 34}"
1772633474.341,534,BTCUSDT,queue_consumption,depth_update,bid,,715519,4,,,"{""fill_assumption_profile"": ""base"", ""modeled_lots"": 4, ""observed_lots"": 4, ""overlap_netted_lots"": 0, ""overlap_window_seconds"": 0.125, ""queue_consumed_lots"": 0, ""unmatched_lots"": 4}"
1772633474.341,535,BTCUSDT,queue_consumption,depth_update,bid,,715525,15,,,"{""fill_assumption_profile"": ""base"", ""modeled_lots"": 15, ""observed_lots"": 15, ""overlap_netted_lots"": 0, ""overlap_window_seconds"": 0.125, ""queue_consumed_lots"": 0, ""unmatched_lots"": 15}"
1772633474.341,536,BTCUSDT,queue_consumption,depth_update,bid,,715528,22,,,"{""fill_assumption_profile"": ""base"", ""modeled_lots"": 22, ""observed_lots"": 22, ""overlap_netted_lots"": 0, ""overlap_window_seconds"": 0.125, ""queue_consumed_lots"": 0, ""unmatched_lots"": 22}"
1772633474.341,537,BTCUSDT,queue_consumption,depth_update,bid,,715532,169,,,"{""fill_assumption_profile"": ""base"", ""modeled_lots"": 169, ""observed_lots"": 169, ""overlap_netted_lots"": 0, ""overlap_window_seconds"": 0.125, ""queue_consumed_lots"": 0, ""unmatched_lots"": 169}"
1772633474.341,538,BTCUSDT,queue_consumption,depth_update,bid,,715555,260,,,"{""fill_assumption_profile"": ""base"", ""modeled_lots"": 260, ""observed_lots"": 260, ""overlap_netted_lots"": 0, ""overlap_window_seconds"": 0.125, ""queue_consumed_lots"": 0, ""unmatched_lots"": 260}"
1772633474.341,539,BTCUSDT,queue_consumption,depth_update,bid,,715559,34,,,"{""fill_assumption_profile"": ""base"", ""modeled_lots"": 34, ""observed_lots"": 34, ""overlap_netted_lots"": 0, ""overlap_window_seconds"": 0.125, ""queue_consumed_lots"": 0, ""unmatched_lots"": 34}"
1772633474.341,540,BTCUSDT,queue_consumption,depth_update,bid,,715560,51,,,"{""fill_assumption_profile"": ""base"", ""modeled_lots"": 51, ""observed_lots"": 51, ""overlap_netted_lots"": 0, ""overlap_window_seconds"": 0.125, ""queue_consumed_lots"": 0, ""unmatched_lots"": 51}"
1772633474.341,541,BTCUSDT,queue_consumption,depth_update,bid,,715567,10,,,"{""fill_assumption_profile"": ""base"", ""modeled_lots"": 10, ""observed_lots"": 10, ""overlap_netted_lots"": 0, ""overlap_window_seconds"": 0.125, ""queue_consumed_lots"": 0, ""unmatched_lots"": 10}"
1772633474.341,542,BTCUSDT,queue_consumption,depth_update,bid,,715568,23,,,"{""fill_assumption_profile"": ""base"", ""modeled_lots"": 23, ""observed_lots"": 23, ""overlap_netted_lots"": 0, ""overlap_window_seconds"": 0.125, ""queue_consumed_lots"": 0, ""unmatched_lots"": 23}"
1772633474.341,543,BTCUSDT,queue_consumption,depth_update,bid,,715604,80,,,"{""fill_assumption_profile"": ""base"", ""modeled_lots"": 80, ""observed_lots"": 80, ""overlap_netted_lots"": 0, ""overlap_window_seconds"": 0.125, ""queue_consumed_lots"": 0, ""unmatched_lots"": 80}"
1772633474.341,544,BTCUSDT,queue_consumption,depth_update,bid,,715605,1021,,,"{""fill_assumption_profile"": ""base"", ""modeled_lots"": 1021, ""observed_lots"": 1021, ""overlap_netted_lots"": 0, ""overlap_window_seconds"": 0.125, ""queue_consumed_lots"": 0, ""unmatched_lots"": 1021}"
1772633474.341,545,BTCUSDT,queue_consumption,depth_update,bid,,715614,628,,,"{""fill_assumption_profile"": ""base"", ""modeled_lots"": 628, ""observed_lots"": 628, ""overlap_netted_lots"": 0, ""overlap_window_seconds"": 0.125, ""queue_consumed_lots"": 0, ""unmatched_lots"": 628}"
1772633474.341,546,BTCUSDT,queue_consumption,depth_update,bid,,715630,44,,,"{""fill_assumption_profile"": ""base"", ""modeled_lots"": 44, ""observed_lots"": 44, ""overlap_netted_lots"": 0, ""overlap_window_seconds"": 0.125, ""queue_consumed_lots"": 0, ""unmatched_lots"": 44}"
1772633474.341,547,BTCUSDT,queue_consumption,depth_update,bid,,715636,40,,,"{""fill_assumption_profile"": ""base"", ""modeled_lots"": 40, ""observed_lots"": 40, ""overlap_netted_lots"": 0, ""overlap_window_seconds"": 0.125, ""queue_consumed_lots"": 0, ""unmatched_lots"": 40}"
1772633474.341,548,BTCUSDT,queue_consumption,depth_update,bid,,715637,139,,,"{""fill_assumption_profile"": ""base"", ""modeled_lots"": 139, ""observed_lots"": 139, ""overlap_netted_lots"": 0, ""overlap_window_seconds"": 0.125, ""queue_consumed_lots"": 0, ""unmatched_lots"": 139}"
1772633474.341,549,BTCUSDT,queue_consumption,depth_update,bid,,715640,54,,,"{""fill_assumption_profile"": ""base"", ""modeled_lots"": 54, ""observed_lots"": 54, ""overlap_netted_lots"": 0, ""overlap_window_seconds"": 0.125, ""queue_consumed_lots"": 0, ""unmatched_lots"": 54}"
1772633474.341,550,BTCUSDT,queue_consumption,depth_update,bid,,715642,1002,,,"{""fill_assumption_profile"": ""base"", ""modeled_lots"": 1002, ""observed_lots"": 1002, ""overlap_netted_lots"": 0, ""overlap_window_seconds"": 0.125, ""queue_consumed_lots"": 0, ""unmatched_lots"": 1002}"
1772633474.341,551,BTCUSDT,queue_consumption,depth_update,bid,,715644,6,,,"{""fill_assumption_profile"": ""base"", ""modeled_lots"": 6, ""observed_lots"": 6, ""overlap_netted_lots"": 0, ""overlap_window_seconds"": 0.125, ""queue_consumed_lots"": 0, ""unmatched_lots"": 6}"
1772633474.341,552,BTCUSDT,queue_consumption,depth_update,bid,,715647,69,,,"{""fill_assumption_profile"": ""base"", ""modeled_lots"": 69, ""observed_lots"": 69, ""overlap_netted_lots"": 0, ""overlap_window_seconds"": 0.125, ""queue_consumed_lots"": 0, ""unmatched_lots"": 69}"
1772633474.341,553,BTCUSDT,queue_consumption,depth_update,bid,,715648,85,,,"{""fill_assumption_profile"": ""base"", ""modeled_lots"": 85, ""observed_lots"": 85, ""overlap_netted_lots"": 0, ""overlap_window_seconds"": 0.125, ""queue_consumed_lots"": 0, ""unmatched_lots"": 85}"
1772633474.341,554,BTCUSDT,queue_consumption,depth_update,bid,,715652,2,,,"{""fill_assumption_profile"": ""base"", ""modeled_lots"": 2, ""observed_lots"": 2, ""overlap_netted_lots"": 0, ""overlap_window_seconds"": 0.125, ""queue_consumed_lots"": 0, ""unmatched_lots"": 2}"
1772633474.341,555,BTCUSDT,queue_consumption,depth_update,bid,,715661,359,,,"{""fill_assumption_profile"": ""base"", ""modeled_lots"": 359, ""observed_lots"": 359, ""overlap_netted_lots"": 0, ""overlap_window_seconds"": 0.125, ""queue_consumed_lots"": 0, ""unmatched_lots"": 359}"
1772633474.341,556,BTCUSDT,queue_consumption,depth_update,bid,,715662,15,,,"{""fill_assumption_profile"": ""base"", ""modeled_lots"": 15, ""observed_lots"": 15, ""overlap_netted_lots"": 0, ""overlap_window_seconds"": 0.125, ""queue_consumed_lots"": 0, ""unmatched_lots"": 15}"
1772633474.341,557,BTCUSDT,queue_consumption,depth_update,bid,,715663,12,,,"{""fill_assumption_profile"": ""base"", ""modeled_lots"": 12, ""observed_lots"": 12, ""overlap_netted_lots"": 0, ""overlap_window_seconds"": 0.125, ""queue_consumed_lots"": 0, ""unmatched_lots"": 12}"
1772633474.341,558,BTCUSDT,queue_consumption,depth_update,bid,,715665,503,,,"{""fill_assumption_profile"": ""base"", ""modeled_lots"": 503, ""observed_lots"": 503, ""overlap_netted_lots"": 0, ""overlap_window_seconds"": 0.125, ""queue_consumed_lots"": 0, ""unmatched_lots"": 503}"
1772633474.341,559,BTCUSDT,queue_consumption,depth_update,bid,,715674,4,,,"{""fill_assumption_profile"": ""base"", ""modeled_lots"": 4, ""observed_lots"": 4, ""overlap_netted_lots"": 0, ""overlap_window_seconds"": 0.125, ""queue_consumed_lots"": 0, ""unmatched_lots"": 4}"
1772633474.341,560,BTCUSDT,queue_consumption,depth_update,bid,,715677,2,,,"{""fill_assumption_profile"": ""base"", ""modeled_lots"": 2, ""observed_lots"": 2, ""overlap_netted_lots"": 0, ""overlap_window_seconds"": 0.125, ""queue_consumed_lots"": 0, ""unmatched_lots"": 2}"
1772633474.341,561,BTCUSDT,queue_consumption,depth_update,bid,,715697,839,,,"{""fill_assumption_profile"": ""base"", ""modeled_lots"": 839, ""observed_lots"": 839, ""overlap_netted_lots"": 0, ""overlap_window_seconds"": 0.125, ""queue_consumed_lots"": 0, ""unmatched_lots"": 839}"
1772633474.341,562,BTCUSDT,queue_consumption,depth_update,bid,,715698,3,,,"{""fill_assumption_profile"": ""base"", ""modeled_lots"": 3, ""observed_lots"": 3, ""overlap_netted_lots"": 0, ""overlap_window_seconds"": 0.125, ""queue_consumed_lots"": 0, ""unmatched_lots"": 3}"
1772633474.341,563,BTCUSDT,queue_consumption,depth_update,bid,,715701,2175,,,"{""fill_assumption_profile"": ""base"", ""modeled_lots"": 2175, ""observed_lots"": 2175, ""overlap_netted_lots"": 0, ""overlap_window_seconds"": 0.125, ""queue_consumed_lots"": 0, ""unmatched_lots"": 2175}"
1772633474.341,564,BTCUSDT,queue_consumption,depth_update,bid,,715709,215,,,"{""fill_assumption_profile"": ""base"", ""modeled_lots"": 215, ""observed_lots"": 215, ""overlap_netted_lots"": 0, ""overlap_window_seconds"": 0.125, ""queue_consumed_lots"": 0, ""unmatched_lots"": 215}"
1772633474.341,565,BTCUSDT,queue_consumption,depth_update,bid,,715711,279,,,"{""fill_assumption_profile"": ""base"", ""modeled_lots"": 279, ""observed_lots"": 279, ""overlap_netted_lots"": 0, ""overlap_window_seconds"": 0.125, ""queue_consumed_lots"": 0, ""unmatched_lots"": 279}"
1772633474.341,566,BTCUSDT,queue_consumption,depth_update,bid,,715714,119,,,"{""fill_assumption_profile"": ""base"", ""modeled_lots"": 119, ""observed_lots"": 119, ""overlap_netted_lots"": 0, ""overlap_window_seconds"": 0.125, ""queue_consumed_lots"": 0, ""unmatched_lots"": 119}"
1772633474.341,567,BTCUSDT,queue_consumption,depth_update,bid,,715715,2,,,"{""fill_assumption_profile"": ""base"", ""modeled_lots"": 2, ""observed_lots"": 2, ""overlap_netted_lots"": 0, ""overlap_window_seconds"": 0.125, ""queue_consumed_lots"": 0, ""unmatched_lots"": 2}"
1772633474.341,568,BTCUSDT,queue_consumption,depth_update,bid,,715720,6,,,"{""fill_assumption_profile"": ""base"", ""modeled_lots"": 6, ""observed_lots"": 6, ""overlap_netted_lots"": 0, ""overlap_window_seconds"": 0.125, ""queue_consumed_lots"": 0, ""unmatched_lots"": 6}"
1772633474.341,569,BTCUSDT,queue_consumption,depth_update,bid,,715721,2,,,"{""fill_assumption_profile"": ""base"", ""modeled_lots"": 2, ""observed_lots"": 2, ""overlap_netted_lots"": 0, ""overlap_window_seconds"": 0.125, ""queue_consumed_lots"": 0, ""unmatched_lots"": 2}"
1772633474.341,570,BTCUSDT,queue_consumption,depth_update,bid,,715724,6,,,"{""fill_assumption_profile"": ""base"", ""modeled_lots"": 6, ""observed_lots"": 6, ""overlap_netted_lots"": 0, ""overlap_window_seconds"": 0.125, ""queue_consumed_lots"": 0, ""unmatched_lots"": 6}"
1772633474.341,571,BTCUSDT,queue_consumption,depth_update,bid,,715730,200,,,"{""fill_assumption_profile"": ""base"", ""modeled_lots"": 200, ""observed_lots"": 200, ""overlap_netted_lots"": 0, ""overlap_window_seconds"": 0.125, ""queue_consumed_lots"": 0, ""unmatched_lots"": 200}"
1772633474.341,572,BTCUSDT,queue_consumption,depth_update,bid,,715738,350,,,"{""fill_assumption_profile"": ""base"", ""modeled_lots"": 350, ""observed_lots"": 350, ""overlap_netted_lots"": 0, ""overlap_window_seconds"": 0.125, ""queue_consumed_lots"": 0, ""unmatched_lots"": 350}"
1772633474.341,573,BTCUSDT,queue_consumption,depth_update,bid,,715739,101,,,"{""fill_assumption_profile"": ""base"", ""modeled_lots"": 101, ""observed_lots"": 101, ""overlap_netted_lots"": 0, ""overlap_window_seconds"": 0.125, ""queue_consumed_lots"": 0, ""unmatched_lots"": 101}"
1772633474.341,574,BTCUSDT,queue_consumption,depth_update,bid,,715743,838,,,"{""fill_assumption_profile"": ""base"", ""modeled_lots"": 838, ""observed_lots"": 838, ""overlap_netted_lots"": 0, ""overlap_window_seconds"": 0.125, ""queue_consumed_lots"": 0, ""unmatched_lots"": 838}"
1772633474.341,575,BTCUSDT,queue_consumption,depth_update,bid,,715749,640,,,"{""fill_assumption_profile"": ""base"", ""modeled_lots"": 640, ""observed_lots"": 640, ""overlap_netted_lots"": 0, ""overlap_window_seconds"": 0.125, ""queue_consumed_lots"": 0, ""unmatched_lots"": 640}"
1772633474.341,576,BTCUSDT,queue_consumption,depth_update,bid,,715750,2,,,"{""fill_assumption_profile"": ""base"", ""modeled_lots"": 2, ""observed_lots"": 2, ""overlap_netted_lots"": 0, ""overlap_window_seconds"": 0.125, ""queue_consumed_lots"": 0, ""unmatched_lots"": 2}"
1772633474.341,577,BTCUSDT,queue_consumption,depth_update,bid,,715753,2,,,"{""fill_assumption_profile"": ""base"", ""modeled_lots"": 2, ""observed_lots"": 2, ""overlap_netted_lots"": 0, ""overlap_window_seconds"": 0.125, ""queue_consumed_lots"": 0, ""unmatched_lots"": 2}"
1772633474.341,578,BTCUSDT,queue_consumption,depth_update,bid,,715754,4,,,"{""fill_assumption_profile"": ""base"", ""modeled_lots"": 4, ""observed_lots"": 4, ""overlap_netted_lots"": 0, ""overlap_window_seconds"": 0.125, ""queue_consumed_lots"": 0, ""unmatched_lots"": 4}"
1772633474.341,579,BTCUSDT,queue_consumption,depth_update,bid,,715755,631,,,"{""fill_assumption_profile"": ""base"", ""modeled_lots"": 631, ""observed_lots"": 631, ""overlap_netted_lots"": 0, ""overlap_window_seconds"": 0.125, ""queue_consumed_lots"": 0, ""unmatched_lots"": 631}"
1772633474.341,580,BTCUSDT,queue_consumption,depth_update,bid,,715760,307,,,"{""fill_assumption_profile"": ""base"", ""modeled_lots"": 307, ""observed_lots"": 307, ""overlap_netted_lots"": 0, ""overlap_window_seconds"": 0.125, ""queue_consumed_lots"": 0, ""unmatched_lots"": 307}"
1772633474.341,581,BTCUSDT,queue_consumption,depth_update,bid,,715762,2096,,,"{""fill_assumption_profile"": ""base"", ""modeled_lots"": 2096, ""observed_lots"": 2096, ""overlap_netted_lots"": 0, ""overlap_window_seconds"": 0.125, ""queue_consumed_lots"": 0, ""unmatched_lots"": 2096}"
1772633474.341,582,BTCUSDT,queue_consumption,depth_update,bid,,715772,3,,,"{""fill_assumption_profile"": ""base"", ""modeled_lots"": 3, ""observed_lots"": 3, ""overlap_netted_lots"": 0, ""overlap_window_seconds"": 0.125, ""queue_consumed_lots"": 0, ""unmatched_lots"": 3}"
1772633474.341,583,BTCUSDT,queue_consumption,depth_update,bid,,715783,16,,,"{""fill_assumption_profile"": ""base"", ""modeled_lots"": 16, ""observed_lots"": 16, ""overlap_netted_lots"": 0, ""overlap_window_seconds"": 0.125, ""queue_consumed_lots"": 0, ""unmatched_lots"": 16}"
1772633474.341,584,BTCUSDT,queue_consumption,depth_update,bid,,715784,29,,,"{""fill_assumption_profile"": ""base"", ""modeled_lots"": 29, ""observed_lots"": 29, ""overlap_netted_lots"": 0, ""overlap_window_seconds"": 0.125, ""queue_consumed_lots"": 0, ""unmatched_lots"": 29}"
1772633474.341,585,BTCUSDT,queue_consumption,depth_update,bid,,715788,4,,,"{""fill_assumption_profile"": ""base"", ""modeled_lots"": 4, ""observed_lots"": 4, ""overlap_netted_lots"": 0, ""overlap_window_seconds"": 0.125, ""queue_consumed_lots"": 0, ""unmatched_lots"": 4}"
1772633474.341,586,BTCUSDT,queue_consumption,depth_update,bid,,715796,2,,,"{""fill_assumption_profile"": ""base"", ""modeled_lots"": 2, ""observed_lots"": 2, ""overlap_netted_lots"": 0, ""overlap_window_seconds"": 0.125, ""queue_consumed_lots"": 0, ""unmatched_lots"": 2}"
1772633474.341,587,BTCUSDT,queue_consumption,depth_update,bid,,715797,672,,,"{""fill_assumption_profile"": ""base"", ""modeled_lots"": 672, ""observed_lots"": 672, ""overlap_netted_lots"": 0, ""overlap_window_seconds"": 0.125, ""queue_consumed_lots"": 0, ""unmatched_lots"": 672}"
1772633474.341,588,BTCUSDT,queue_consumption,depth_update,bid,,715798,144,,,"{""fill_assumption_profile"": ""base"", ""modeled_lots"": 144, ""observed_lots"": 144, ""overlap_netted_lots"": 0, ""overlap_window_seconds"": 0.125, ""queue_consumed_lots"": 0, ""unmatched_lots"": 144}"
1772633474.341,589,BTCUSDT,queue_consumption,depth_update,bid,,715802,3,,,"{""fill_assumption_profile"": ""base"", ""modeled_lots"": 3, ""observed_lots"": 3, ""overlap_netted_lots"": 0, ""overlap_window_seconds"": 0.125, ""queue_consumed_lots"": 0, ""unmatched_lots"": 3}"
1772633474.341,590,BTCUSDT,queue_consumption,depth_update,bid,,715805,67,,,"{""fill_assumption_profile"": ""base"", ""modeled_lots"": 67, ""observed_lots"": 67, ""overlap_netted_lots"": 0, ""overlap_window_seconds"": 0.125, ""queue_consumed_lots"": 0, ""unmatched_lots"": 67}"
1772633474.341,591,BTCUSDT,queue_consumption,depth_update,bid,,715806,4,,,"{""fill_assumption_profile"": ""base"", ""modeled_lots"": 4, ""observed_lots"": 4, ""overlap_netted_lots"": 0, ""overlap_window_seconds"": 0.125, ""queue_consumed_lots"": 0, ""unmatched_lots"": 4}"
1772633474.341,592,BTCUSDT,queue_consumption,depth_update,bid,,715808,804,,,"{""fill_assumption_profile"": ""base"", ""modeled_lots"": 804, ""observed_lots"": 804, ""overlap_netted_lots"": 0, ""overlap_window_seconds"": 0.125, ""queue_consumed_lots"": 0, ""unmatched_lots"": 804}"
1772633474.341,593,BTCUSDT,queue_consumption,depth_update,bid,,715815,2,,,"{""fill_assumption_profile"": ""base"", ""modeled_lots"": 2, ""observed_lots"": 2, ""overlap_netted_lots"": 0, ""overlap_window_seconds"": 0.125, ""queue_consumed_lots"": 0, ""unmatched_lots"": 2}"
1772633474.341,594,BTCUSDT,queue_consumption,depth_update,bid,,715817,2,,,"{""fill_assumption_profile"": ""base"", ""modeled_lots"": 2, ""observed_lots"": 2, ""overlap_netted_lots"": 0, ""overlap_window_seconds"": 0.125, ""queue_consumed_lots"": 0, ""unmatched_lots"": 2}"
1772633474.341,595,BTCUSDT,queue_consumption,depth_update,bid,,715819,2,,,"{""fill_assumption_profile"": ""base"", ""modeled_lots"": 2, ""observed_lots"": 2, ""overlap_netted_lots"": 0, ""overlap_window_seconds"": 0.125, ""queue_consumed_lots"": 0, ""unmatched_lots"": 2}"
1772633474.341,596,BTCUSDT,queue_consumption,depth_update,bid,,715820,2,,,"{""fill_assumption_profile"": ""base"", ""modeled_lots"": 2, ""observed_lots"": 2, ""overlap_netted_lots"": 0, ""overlap_window_seconds"": 0.125, ""queue_consumed_lots"": 0, ""unmatched_lots"": 2}"
1772633474.341,597,BTCUSDT,queue_consumption,depth_update,bid,,715821,185,,,"{""fill_assumption_profile"": ""base"", ""modeled_lots"": 185, ""observed_lots"": 185, ""overlap_netted_lots"": 0, ""overlap_window_seconds"": 0.125, ""queue_consumed_lots"": 0, ""unmatched_lots"": 185}"
1772633474.341,598,BTCUSDT,queue_consumption,depth_update,bid,,715822,395,,,"{""fill_assumption_profile"": ""base"", ""modeled_lots"": 395, ""observed_lots"": 395, ""overlap_netted_lots"": 0, ""overlap_window_seconds"": 0.125, ""queue_consumed_lots"": 0, ""unmatched_lots"": 395}"
1772633474.341,599,BTCUSDT,queue_consumption,depth_update,bid,,715825,112,,,"{""fill_assumption_profile"": ""base"", ""modeled_lots"": 112, ""observed_lots"": 112, ""overlap_netted_lots"": 0, ""overlap_window_seconds"": 0.125, ""queue_consumed_lots"": 0, ""unmatched_lots"": 112}"
1772633474.341,600,BTCUSDT,queue_consumption,depth_update,bid,,715826,141,,,"{""fill_assumption_profile"": ""base"", ""modeled_lots"": 141, ""observed_lots"": 141, ""overlap_netted_lots"": 0, ""overlap_window_seconds"": 0.125, ""queue_consumed_lots"": 0, ""unmatched_lots"": 141}"
1772633474.341,601,BTCUSDT,queue_consumption,depth_update,bid,,715834,4,,,"{""fill_assumption_profile"": ""base"", ""modeled_lots"": 4, ""observed_lots"": 4, ""overlap_netted_lots"": 0, ""overlap_window_seconds"": 0.125, ""queue_consumed_lots"": 0, ""unmatched_lots"": 4}"
1772633474.341,602,BTCUSDT,queue_consumption,depth_update,bid,,715836,2,,,"{""fill_assumption_profile"": ""base"", ""modeled_lots"": 2, ""observed_lots"": 2, ""overlap_netted_lots"": 0, ""overlap_window_seconds"": 0.125, ""queue_consumed_lots"": 0, ""unmatched_lots"": 2}"
1772633474.341,603,BTCUSDT,queue_consumption,depth_update,bid,,715838,2,,,"{""fill_assumption_profile"": ""base"", ""modeled_lots"": 2, ""observed_lots"": 2, ""overlap_netted_lots"": 0, ""overlap_window_seconds"": 0.125, ""queue_consumed_lots"": 0, ""unmatched_lots"": 2}"
1772633474.341,604,BTCUSDT,queue_consumption,depth_update,bid,,715841,139,,,"{""fill_assumption_profile"": ""base"", ""modeled_lots"": 139, ""observed_lots"": 139, ""overlap_netted_lots"": 0, ""overlap_window_seconds"": 0.125, ""queue_consumed_lots"": 0, ""unmatched_lots"": 139}"
1772633474.341,605,BTCUSDT,queue_consumption,depth_update,bid,,715844,4,,,"{""fill_assumption_profile"": ""base"", ""modeled_lots"": 4, ""observed_lots"": 4, ""overlap_netted_lots"": 0, ""overlap_window_seconds"": 0.125, ""queue_consumed_lots"": 0, ""unmatched_lots"": 4}"
1772633474.341,606,BTCUSDT,queue_consumption,depth_update,bid,,715845,1,,,"{""fill_assumption_profile"": ""base"", ""modeled_lots"": 1, ""observed_lots"": 1, ""overlap_netted_lots"": 0, ""overlap_window_seconds"": 0.125, ""queue_consumed_lots"": 0, ""unmatched_lots"": 1}"
1772633474.341,607,BTCUSDT,queue_consumption,depth_update,bid,,715849,1,,,"{""fill_assumption_profile"": ""base"", ""modeled_lots"": 1, ""observed_lots"": 1, ""overlap_netted_lots"": 0, ""overlap_window_seconds"": 0.125, ""queue_consumed_lots"": 0, ""unmatched_lots"": 1}"
1772633474.341,608,BTCUSDT,queue_consumption,depth_update,bid,,715850,2,,,"{""fill_assumption_profile"": ""base"", ""modeled_lots"": 2, ""observed_lots"": 2, ""overlap_netted_lots"": 0, ""overlap_window_seconds"": 0.125, ""queue_consumed_lots"": 0, ""unmatched_lots"": 2}"
1772633474.341,609,BTCUSDT,queue_consumption,depth_update,bid,,715852,70,,,"{""fill_assumption_profile"": ""base"", ""modeled_lots"": 70, ""observed_lots"": 70, ""overlap_netted_lots"": 0, ""overlap_window_seconds"": 0.125, ""queue_consumed_lots"": 0, ""unmatched_lots"": 70}"
1772633474.341,610,BTCUSDT,queue_consumption,depth_update,bid,,715854,3,,,"{""fill_assumption_profile"": ""base"", ""modeled_lots"": 3, ""observed_lots"": 3, ""overlap_netted_lots"": 0, ""overlap_window_seconds"": 0.125, ""queue_consumed_lots"": 0, ""unmatched_lots"": 3}"
1772633474.341,611,BTCUSDT,queue_consumption,depth_update,bid,,715855,3,,,"{""fill_assumption_profile"": ""base"", ""modeled_lots"": 3, ""observed_lots"": 3, ""overlap_netted_lots"": 0, ""overlap_window_seconds"": 0.125, ""queue_consumed_lots"": 0, ""unmatched_lots"": 3}"
1772633474.341,612,BTCUSDT,queue_consumption,depth_update,bid,,715857,4,,,"{""fill_assumption_profile"": ""base"", ""modeled_lots"": 4, ""observed_lots"": 4, ""overlap_netted_lots"": 0, ""overlap_window_seconds"": 0.125, ""queue_consumed_lots"": 0, ""unmatched_lots"": 4}"
1772633474.341,613,BTCUSDT,queue_consumption,depth_update,bid,,715858,2,,,"{""fill_assumption_profile"": ""base"", ""modeled_lots"": 2, ""observed_lots"": 2, ""overlap_netted_lots"": 0, ""overlap_window_seconds"": 0.125, ""queue_consumed_lots"": 0, ""unmatched_lots"": 2}"
1772633474.341,614,BTCUSDT,queue_consumption,depth_update,bid,,715860,1,,,"{""fill_assumption_profile"": ""base"", ""modeled_lots"": 1, ""observed_lots"": 1, ""overlap_netted_lots"": 0, ""overlap_window_seconds"": 0.125, ""queue_consumed_lots"": 0, ""unmatched_lots"": 1}"
1772633474.341,615,BTCUSDT,queue_consumption,depth_update,bid,,715861,3,,,"{""fill_assumption_profile"": ""base"", ""modeled_lots"": 3, ""observed_lots"": 3, ""overlap_netted_lots"": 0, ""overlap_window_seconds"": 0.125, ""queue_consumed_lots"": 0, ""unmatched_lots"": 3}"
1772633474.341,616,BTCUSDT,queue_consumption,depth_update,bid,,715863,1,,,"{""fill_assumption_profile"": ""base"", ""modeled_lots"": 1, ""observed_lots"": 1, ""overlap_netted_lots"": 0, ""overlap_window_seconds"": 0.125, ""queue_consumed_lots"": 0, ""unmatched_lots"": 1}"
1772633474.341,617,BTCUSDT,queue_consumption,depth_update,bid,,715864,1,,,"{""fill_assumption_profile"": ""base"", ""modeled_lots"": 1, ""observed_lots"": 1, ""overlap_netted_lots"": 0, ""overlap_window_seconds"": 0.125, ""queue_consumed_lots"": 0, ""unmatched_lots"": 1}"
1772633474.341,618,BTCUSDT,queue_consumption,depth_update,bid,,715866,71,,,"{""fill_assumption_profile"": ""base"", ""modeled_lots"": 71, ""observed_lots"": 71, ""overlap_netted_lots"": 0, ""overlap_window_seconds"": 0.125, ""queue_consumed_lots"": 0, ""unmatched_lots"": 71}"
1772633474.341,619,BTCUSDT,queue_consumption,depth_update,bid,,715867,2,,,"{""fill_assumption_profile"": ""base"", ""modeled_lots"": 2, ""observed_lots"": 2, ""overlap_netted_lots"": 0, ""overlap_window_seconds"": 0.125, ""queue_consumed_lots"": 0, ""unmatched_lots"": 2}"
1772633474.341,620,BTCUSDT,queue_consumption,depth_update,bid,,715868,4,,,"{""fill_assumption_profile"": ""base"", ""modeled_lots"": 4, ""observed_lots"": 4, ""overlap_netted_lots"": 0, ""overlap_window_seconds"": 0.125, ""queue_consumed_lots"": 0, ""unmatched_lots"": 4}"
1772633474.341,621,BTCUSDT,queue_consumption,depth_update,bid,,715870,25,,,"{""fill_assumption_profile"": ""base"", ""modeled_lots"": 0, ""observed_lots"": 25, ""overlap_netted_lots"": 25, ""overlap_window_seconds"": 0.125, ""queue_consumed_lots"": 0, ""unmatched_lots"": 0}"
1772633474.341,622,BTCUSDT,queue_consumption,depth_update,bid,,715871,2,,,"{""fill_assumption_profile"": ""base"", ""modeled_lots"": 0, ""observed_lots"": 2, ""overlap_netted_lots"": 2, ""overlap_window_seconds"": 0.125, ""queue_consumed_lots"": 0, ""unmatched_lots"": 0}"
1772633474.341,623,BTCUSDT,queue_consumption,depth_update,bid,,715872,3,,,"{""fill_assumption_profile"": ""base"", ""modeled_lots"": 3, ""observed_lots"": 3, ""overlap_netted_lots"": 0, ""overlap_window_seconds"": 0.125, ""queue_consumed_lots"": 0, ""unmatched_lots"": 3}"
1772633474.341,624,BTCUSDT,queue_consumption,depth_update,bid,,715873,6,,,"{""fill_assumption_profile"": ""base"", ""modeled_lots"": 6, ""observed_lots"": 6, ""overlap_netted_lots"": 0, ""overlap_window_seconds"": 0.125, ""queue_consumed_lots"": 0, ""unmatched_lots"": 6}"
1772633474.341,625,BTCUSDT,queue_consumption,depth_update,bid,,715874,30,,,"{""fill_assumption_profile"": ""base"", ""modeled_lots"": 0, ""observed_lots"": 30, ""overlap_netted_lots"": 30, ""overlap_window_seconds"": 0.125, ""queue_consumed_lots"": 0, ""unmatched_lots"": 0}"
1772633474.341,626,BTCUSDT,queue_consumption,depth_update,bid,,715875,4,,,"{""fill_assumption_profile"": ""base"", ""modeled_lots"": 0, ""observed_lots"": 4, ""overlap_netted_lots"": 4, ""overlap_window_seconds"": 0.125, ""queue_consumed_lots"": 0, ""unmatched_lots"": 0}"
1772633474.341,627,BTCUSDT,queue_consumption,depth_update,bid,,715876,4,,,"{""fill_assumption_profile"": ""base"", ""modeled_lots"": 0, ""observed_lots"": 4, ""overlap_netted_lots"": 4, ""overlap_window_seconds"": 0.125, ""queue_consumed_lots"": 0, ""unmatched_lots"": 0}"
1772633474.341,628,BTCUSDT,queue_consumption,depth_update,bid,,715878,2,,,"{""fill_assumption_profile"": ""base"", ""modeled_lots"": 0, ""observed_lots"": 2, ""overlap_netted_lots"": 2, ""overlap_window_seconds"": 0.125, ""queue_consumed_lots"": 0, ""unmatched_lots"": 0}"
1772633474.341,629,BTCUSDT,queue_consumption,depth_update,bid,,715880,23,,,"{""fill_assumption_profile"": ""base"", ""modeled_lots"": 21, ""observed_lots"": 23, ""overlap_netted_lots"": 2, ""overlap_window_seconds"": 0.125, ""queue_consumed_lots"": 0, ""unmatched_lots"": 21}"
1772633474.341,630,BTCUSDT,queue_consumption,depth_update,bid,,715881,3,,,"{""fill_assumption_profile"": ""base"", ""modeled_lots"": 1, ""observed_lots"": 3, ""overlap_netted_lots"": 2, ""overlap_window_seconds"": 0.125, ""queue_consumed_lots"": 0, ""unmatched_lots"": 1}"
1772633474.341,631,BTCUSDT,queue_consumption,depth_update,bid,,715882,3,,,"{""fill_assumption_profile"": ""base"", ""modeled_lots"": 3, ""observed_lots"": 3, ""overlap_netted_lots"": 0, ""overlap_window_seconds"": 0.125, ""queue_consumed_lots"": 0, ""unmatched_lots"": 3}"
1772633474.341,632,BTCUSDT,queue_consumption,depth_update,bid,,715887,1,,,"{""fill_assumption_profile"": ""base"", ""modeled_lots"": 1, ""observed_lots"": 1, ""overlap_netted_lots"": 0, ""overlap_window_seconds"": 0.125, ""queue_consumed_lots"": 0, ""unmatched_lots"": 1}"
1772633474.341,633,BTCUSDT,queue_consumption,depth_update,bid,,715889,3,,,"{""fill_assumption_profile"": ""base"", ""modeled_lots"": 0, ""observed_lots"": 3, ""overlap_netted_lots"": 3, ""overlap_window_seconds"": 0.125, ""queue_consumed_lots"": 0, ""unmatched_lots"": 0}"
1772633474.341,634,BTCUSDT,queue_consumption,depth_update,bid,,715890,28,,,"{""fill_assumption_profile"": ""base"", ""modeled_lots"": 22, ""observed_lots"": 28, ""overlap_netted_lots"": 6, ""overlap_window_seconds"": 0.125, ""queue_consumed_lots"": 0, ""unmatched_lots"": 22}"
1772633474.341,635,BTCUSDT,queue_consumption,depth_update,bid,,715891,2,,,"{""fill_assumption_profile"": ""base"", ""modeled_lots"": 2, ""observed_lots"": 2, ""overlap_netted_lots"": 0, ""overlap_window_seconds"": 0.125, ""queue_consumed_lots"": 0, ""unmatched_lots"": 2}"
1772633474.341,636,BTCUSDT,queue_consumption,depth_update,bid,,715893,4,,,"{""fill_assumption_profile"": ""base"", ""modeled_lots"": 1, ""observed_lots"": 4, ""overlap_netted_lots"": 3, ""overlap_window_seconds"": 0.125, ""queue_consumed_lots"": 0, ""unmatched_lots"": 1}"
1772633474.341,637,BTCUSDT,queue_consumption,depth_update,bid,,715894,2,,,"{""fill_assumption_profile"": ""base"", ""modeled_lots"": 0, ""observed_lots"": 2, ""overlap_netted_lots"": 2, ""overlap_window_seconds"": 0.125, ""queue_consumed_lots"": 0, ""unmatched_lots"": 0}"
1772633474.341,638,BTCUSDT,queue_consumption,depth_update,bid,,715896,7,,,"{""fill_assumption_profile"": ""base"", ""modeled_lots"": 2, ""observed_lots"": 7, ""overlap_netted_lots"": 5, ""overlap_window_seconds"": 0.125, ""queue_consumed_lots"": 0, ""unmatched_lots"": 2}"
1772633474.341,639,BTCUSDT,queue_consumption,depth_update,bid,,715897,2,,,"{""fill_assumption_profile"": ""base"", ""modeled_lots"": 2, ""observed_lots"": 2, ""overlap_netted_lots"": 0, ""overlap_window_seconds"": 0.125, ""queue_consumed_lots"": 0, ""unmatched_lots"": 2}"
1772633474.341,640,BTCUSDT,queue_consumption,depth_update,bid,,715899,3,,,"{""fill_assumption_profile"": ""base"", ""modeled_lots"": 1, ""observed_lots"": 3, ""overlap_netted_lots"": 2, ""overlap_window_seconds"": 0.125, ""queue_consumed_lots"": 0, ""unmatched_lots"": 1}"
1772633474.341,641,BTCUSDT,queue_consumption,depth_update,bid,,715900,8,,,"{""fill_assumption_profile"": ""base"", ""modeled_lots"": 4, ""observed_lots"": 8, ""overlap_netted_lots"": 4, ""overlap_window_seconds"": 0.125, ""queue_consumed_lots"": 0, ""unmatched_lots"": 4}"
1772633474.341,642,BTCUSDT,queue_consumption,depth_update,bid,,715902,2,,,"{""fill_assumption_profile"": ""base"", ""modeled_lots"": 0, ""observed_lots"": 2, ""overlap_netted_lots"": 2, ""overlap_window_seconds"": 0.125, ""queue_consumed_lots"": 0, ""unmatched_lots"": 0}"
1772633474.341,643,BTCUSDT,queue_consumption,depth_update,bid,,715903,3,,,"{""fill_assumption_profile"": ""base"", ""modeled_lots"": 3, ""observed_lots"": 3, ""overlap_netted_lots"": 0, ""overlap_window_seconds"": 0.125, ""queue_consumed_lots"": 0, ""unmatched_lots"": 3}"
1772633474.341,644,BTCUSDT,queue_consumption,depth_update,bid,,715904,2,,,"{""fill_assumption_profile"": ""base"", ""modeled_lots"": 2, ""observed_lots"": 2, ""overlap_netted_lots"": 0, ""overlap_window_seconds"": 0.125, ""queue_consumed_lots"": 0, ""unmatched_lots"": 2}"
1772633474.341,645,BTCUSDT,queue_consumption,depth_update,bid,,715905,3,,,"{""fill_assumption_profile"": ""base"", ""modeled_lots"": 1, ""observed_lots"": 3, ""overlap_netted_lots"": 2, ""overlap_window_seconds"": 0.125, ""queue_consumed_lots"": 0, ""unmatched_lots"": 1}"
1772633474.341,646,BTCUSDT,queue_consumption,depth_update,bid,,715907,4,,,"{""fill_assumption_profile"": ""base"", ""modeled_lots"": 0, ""observed_lots"": 4, ""overlap_netted_lots"": 4, ""overlap_window_seconds"": 0.125, ""queue_consumed_lots"": 0, ""unmatched_lots"": 0}"
1772633474.341,647,BTCUSDT,queue_consumption,depth_update,bid,,715908,3,,,"{""fill_assumption_profile"": ""base"", ""modeled_lots"": 3, ""observed_lots"": 3, ""overlap_netted_lots"": 0, ""overlap_window_seconds"": 0.125, ""queue_consumed_lots"": 0, ""unmatched_lots"": 3}"
1772633474.341,648,BTCUSDT,queue_consumption,depth_update,bid,,715909,4,,,"{""fill_assumption_profile"": ""base"", ""modeled_lots"": 0, ""observed_lots"": 4, ""overlap_netted_lots"": 4, ""overlap_window_seconds"": 0.125, ""queue_consumed_lots"": 0, ""unmatched_lots"": 0}"
1772633474.341,649,BTCUSDT,queue_consumption,depth_update,bid,,715910,3,,,"{""fill_assumption_profile"": ""base"", ""modeled_lots"": 3, ""observed_lots"": 3, ""overlap_netted_lots"": 0, ""overlap_window_seconds"": 0.125, ""queue_consumed_lots"": 0, ""unmatched_lots"": 3}"
1772633474.341,650,BTCUSDT,queue_consumption,depth_update,bid,,715911,1,,,"{""fill_assumption_profile"": ""base"", ""modeled_lots"": 0, ""observed_lots"": 1, ""overlap_netted_lots"": 1, ""overlap_window_seconds"": 0.125, ""queue_consumed_lots"": 0, ""unmatched_lots"": 0}"
1772633474.341,651,BTCUSDT,queue_consumption,depth_update,bid,,715917,6,,,"{""fill_assumption_profile"": ""base"", ""modeled_lots"": 1, ""observed_lots"": 6, ""overlap_netted_lots"": 5, ""overlap_window_seconds"": 0.125, ""queue_consumed_lots"": 0, ""unmatched_lots"": 1}"
1772633474.341,652,BTCUSDT,queue_consumption,depth_update,bid,,715918,2,,,"{""fill_assumption_profile"": ""base"", ""modeled_lots"": 0, ""observed_lots"": 2, ""overlap_netted_lots"": 2, ""overlap_window_seconds"": 0.125, ""queue_consumed_lots"": 0, ""unmatched_lots"": 0}"
1772633474.341,653,BTCUSDT,queue_consumption,depth_update,bid,,715920,2,,,"{""fill_assumption_profile"": ""base"", ""modeled_lots"": 0, ""observed_lots"": 2, ""overlap_netted_lots"": 2, ""overlap_window_seconds"": 0.125, ""queue_consumed_lots"": 0, ""unmatched_lots"": 0}"
1772633474.341,654,BTCUSDT,queue_consumption,depth_update,bid,,715922,2,,,"{""fill_assumption_profile"": ""base"", ""modeled_lots"": 0, ""observed_lots"": 2, ""overlap_netted_lots"": 2, ""overlap_window_seconds"": 0.125, ""queue_consumed_lots"": 0, ""unmatched_lots"": 0}"
1772633474.341,655,BTCUSDT,queue_consumption,depth_update,bid,,715923,1,,,"{""fill_assumption_profile"": ""base"", ""modeled_lots"": 1, ""observed_lots"": 1, ""overlap_netted_lots"": 0, ""overlap_window_seconds"": 0.125, ""queue_consumed_lots"": 0, ""unmatched_lots"": 1}"
1772633474.341,656,BTCUSDT,queue_consumption,depth_update,bid,,715924,5,,,"{""fill_assumption_profile"": ""base"", ""modeled_lots"": 2, ""observed_lots"": 5, ""overlap_netted_lots"": 3, ""overlap_window_seconds"": 0.125, ""queue_consumed_lots"": 0, ""unmatched_lots"": 2}"
1772633474.341,657,BTCUSDT,queue_consumption,depth_update,bid,,715925,38,,,"{""fill_assumption_profile"": ""base"", ""modeled_lots"": 0, ""observed_lots"": 38, ""overlap_netted_lots"": 38, ""overlap_window_seconds"": 0.125, ""queue_consumed_lots"": 0, ""unmatched_lots"": 0}"
1772633474.341,658,BTCUSDT,queue_consumption,depth_update,bid,,715928,3,,,"{""fill_assumption_profile"": ""base"", ""modeled_lots"": 0, ""observed_lots"": 3, ""overlap_netted_lots"": 3, ""overlap_window_seconds"": 0.125, ""queue_consumed_lots"": 0, ""unmatched_lots"": 0}"
1772633474.341,659,BTCUSDT,queue_consumption,depth_update,bid,,715929,1,,,"{""fill_assumption_profile"": ""base"", ""modeled_lots"": 0, ""observed_lots"": 1, ""overlap_netted_lots"": 1, ""overlap_window_seconds"": 0.125, ""queue_consumed_lots"": 0, ""unmatched_lots"": 0}"
1772633474.341,660,BTCUSDT,queue_consumption,depth_update,bid,,715931,5,,,"{""fill_assumption_profile"": ""base"", ""modeled_lots"": 0, ""observed_lots"": 5, ""overlap_netted_lots"": 5, ""overlap_window_seconds"": 0.125, ""queue_consumed_lots"": 0, ""unmatched_lots"": 0}"
1772633474.341,661,BTCUSDT,queue_consumption,depth_update,bid,,715932,2,,,"{""fill_assumption_profile"": ""base"", ""modeled_lots"": 0, ""observed_lots"": 2, ""overlap_netted_lots"": 2, ""overlap_window_seconds"": 0.125, ""queue_consumed_lots"": 0, ""unmatched_lots"": 0}"
1772633474.341,662,BTCUSDT,queue_consumption,depth_update,bid,,715933,2,,,"{""fill_assumption_profile"": ""base"", ""modeled_lots"": 0, ""observed_lots"": 2, ""overlap_netted_lots"": 2, ""overlap_window_seconds"": 0.125, ""queue_consumed_lots"": 0, ""unmatched_lots"": 0}"
1772633474.341,663,BTCUSDT,queue_consumption,depth_update,bid,,715935,1,,,"{""fill_assumption_profile"": ""base"", ""modeled_lots"": 0, ""observed_lots"": 1, ""overlap_netted_lots"": 1, ""overlap_window_seconds"": 0.125, ""queue_consumed_lots"": 0, ""unmatched_lots"": 0}"
1772633474.341,664,BTCUSDT,queue_consumption,depth_update,bid,,715939,2,,,"{""fill_assumption_profile"": ""base"", ""modeled_lots"": 0, ""observed_lots"": 2, ""overlap_netted_lots"": 2, ""overlap_window_seconds"": 0.125, ""queue_consumed_lots"": 0, ""unmatched_lots"": 0}"
1772633474.341,665,BTCUSDT,queue_consumption,depth_update,bid,,715940,2,,,"{""fill_assumption_profile"": ""base"", ""modeled_lots"": 0, ""observed_lots"": 2, ""overlap_netted_lots"": 2, ""overlap_window_seconds"": 0.125, ""queue_consumed_lots"": 0, ""unmatched_lots"": 0}"
1772633474.341,666,BTCUSDT,queue_consumption,depth_update,bid,,715945,2,,,"{""fill_assumption_profile"": ""base"", ""modeled_lots"": 0, ""observed_lots"": 2, ""overlap_netted_lots"": 2, ""overlap_window_seconds"": 0.125, ""queue_consumed_lots"": 0, ""unmatched_lots"": 0}"
1772633474.341,667,BTCUSDT,queue_consumption,depth_update,bid,,715946,3,,,"{""fill_assumption_profile"": ""base"", ""modeled_lots"": 0, ""observed_lots"": 3, ""overlap_netted_lots"": 3, ""overlap_window_seconds"": 0.125, ""queue_consumed_lots"": 0, ""unmatched_lots"": 0}"
1772633474.341,668,BTCUSDT,queue_consumption,depth_update,bid,,715952,7,,,"{""fill_assumption_profile"": ""base"", ""modeled_lots"": 0, ""observed_lots"": 7, ""overlap_netted_lots"": 7, ""overlap_window_seconds"": 0.125, ""queue_consumed_lots"": 0, ""unmatched_lots"": 0}"
1772633474.341,669,BTCUSDT,queue_consumption,depth_update,ask,,715953,11861,,,"{""fill_assumption_profile"": ""base"", ""modeled_lots"": 11861, ""observed_lots"": 11861, ""overlap_netted_lots"": 0, ""overlap_window_seconds"": 0.125, ""queue_consumed_lots"": 0, ""unmatched_lots"": 11861}"
1772633474.341,670,BTCUSDT,queue_consumption,depth_update,ask,,715957,110,,,"{""fill_assumption_profile"": ""base"", ""modeled_lots"": 110, ""observed_lots"": 110, ""overlap_netted_lots"": 0, ""overlap_window_seconds"": 0.125, ""queue_consumed_lots"": 0, ""unmatched_lots"": 110}"
1772633474.341,671,BTCUSDT,queue_consumption,depth_update,ask,,715960,3,,,"{""fill_assumption_profile"": ""base"", ""modeled_lots"": 3, ""observed_lots"": 3, ""overlap_netted_lots"": 0, ""overlap_window_seconds"": 0.125, ""queue_consumed_lots"": 0, ""unmatched_lots"": 3}"
1772633474.341,672,BTCUSDT,queue_consumption,depth_update,ask,,715961,892,,,"{""fill_assumption_profile"": ""base"", ""modeled_lots"": 892, ""observed_lots"": 892, ""overlap_netted_lots"": 0, ""overlap_window_seconds"": 0.125, ""queue_consumed_lots"": 0, ""unmatched_lots"": 892}"
1772633474.341,673,BTCUSDT,queue_consumption,depth_update,ask,,715985,635,,,"{""fill_assumption_profile"": ""base"", ""modeled_lots"": 635, ""observed_lots"": 635, ""overlap_netted_lots"": 0, ""overlap_window_seconds"": 0.125, ""queue_consumed_lots"": 0, ""unmatched_lots"": 635}"
1772633474.341,674,BTCUSDT,queue_consumption,depth_update,ask,,715987,124,,,"{""fill_assumption_profile"": ""base"", ""modeled_lots"": 124, ""observed_lots"": 124, ""overlap_netted_lots"": 0, ""overlap_window_seconds"": 0.125, ""queue_consumed_lots"": 0, ""unmatched_lots"": 124}"
1772633474.341,675,BTCUSDT,queue_consumption,depth_update,ask,,715991,127,,,"{""fill_assumption_profile"": ""base"", ""modeled_lots"": 127, ""observed_lots"": 127, ""overlap_netted_lots"": 0, ""overlap_window_seconds"": 0.125, ""queue_consumed_lots"": 0, ""unmatched_lots"": 127}"
1772633474.341,676,BTCUSDT,queue_consumption,depth_update,ask,,715994,65,,,"{""fill_assumption_profile"": ""base"", ""modeled_lots"": 65, ""observed_lots"": 65, ""overlap_netted_lots"": 0, ""overlap_window_seconds"": 0.125, ""queue_consumed_lots"": 0, ""unmatched_lots"": 65}"
1772633474.341,677,BTCUSDT,queue_consumption,depth_update,ask,,715998,7,,,"{""fill_assumption_profile"": ""base"", ""modeled_lots"": 7, ""observed_lots"": 7, ""overlap_netted_lots"": 0, ""overlap_window_seconds"": 0.125, ""queue_consumed_lots"": 0, ""unmatched_lots"": 7}"
1772633474.341,678,BTCUSDT,queue_consumption,depth_update,ask,,716001,16,,,"{""fill_assumption_profile"": ""base"", ""modeled_lots"": 16, ""observed_lots"": 16, ""overlap_netted_lots"": 0, ""overlap_window_seconds"": 0.125, ""queue_consumed_lots"": 0, ""unmatched_lots"": 16}"
1772633474.341,679,BTCUSDT,queue_consumption,depth_update,ask,,716006,13,,,"{""fill_assumption_profile"": ""base"", ""modeled_lots"": 13, ""observed_lots"": 13, ""overlap_netted_lots"": 0, ""overlap_window_seconds"": 0.125, ""queue_consumed_lots"": 0, ""unmatched_lots"": 13}"
1772633474.341,680,BTCUSDT,queue_consumption,depth_update,ask,,716014,3,,,"{""fill_assumption_profile"": ""base"", ""modeled_lots"": 3, ""observed_lots"": 3, ""overlap_netted_lots"": 0, ""overlap_window_seconds"": 0.125, ""queue_consumed_lots"": 0, ""unmatched_lots"": 3}"
1772633474.341,681,BTCUSDT,queue_consumption,depth_update,ask,,716019,161,,,"{""fill_assumption_profile"": ""base"", ""modeled_lots"": 161, ""observed_lots"": 161, ""overlap_netted_lots"": 0, ""overlap_window_seconds"": 0.125, ""queue_consumed_lots"": 0, ""unmatched_lots"": 161}"
1772633474.341,682,BTCUSDT,queue_consumption,depth_update,ask,,716020,1000,,,"{""fill_assumption_profile"": ""base"", ""modeled_lots"": 1000, ""observed_lots"": 1000, ""overlap_netted_lots"": 0, ""overlap_window_seconds"": 0.125, ""queue_consumed_lots"": 0, ""unmatched_lots"": 1000}"
1772633474.341,683,BTCUSDT,queue_consumption,depth_update,ask,,716024,12,,,"{""fill_assumption_profile"": ""base"", ""modeled_lots"": 12, ""observed_lots"": 12, ""overlap_netted_lots"": 0, ""overlap_window_seconds"": 0.125, ""queue_consumed_lots"": 0, ""unmatched_lots"": 12}"
1772633474.341,684,BTCUSDT,queue_consumption,depth_update,ask,,716027,1,,,"{""fill_assumption_profile"": ""base"", ""modeled_lots"": 1, ""observed_lots"": 1, ""overlap_netted_lots"": 0, ""overlap_window_seconds"": 0.125, ""queue_consumed_lots"": 0, ""unmatched_lots"": 1}"
1772633474.341,685,BTCUSDT,queue_consumption,depth_update,ask,,716041,3,,,"{""fill_assumption_profile"": ""base"", ""modeled_lots"": 3, ""observed_lots"": 3, ""overlap_netted_lots"": 0, ""overlap_window_seconds"": 0.125, ""queue_consumed_lots"": 0, ""unmatched_lots"": 3}"
1772633474.341,686,BTCUSDT,queue_consumption,depth_update,ask,,716048,1,,,"{""fill_assumption_profile"": ""base"", ""modeled_lots"": 1, ""observed_lots"": 1, ""overlap_netted_lots"": 0, ""overlap_window_seconds"": 0.125, ""queue_consumed_lots"": 0, ""unmatched_lots"": 1}"
1772633474.341,687,BTCUSDT,queue_consumption,depth_update,ask,,716061,1,,,"{""fill_assumption_profile"": ""base"", ""modeled_lots"": 1, ""observed_lots"": 1, ""overlap_netted_lots"": 0, ""overlap_window_seconds"": 0.125, ""queue_consumed_lots"": 0, ""unmatched_lots"": 1}"
1772633474.341,688,BTCUSDT,queue_consumption,depth_update,ask,,716067,2,,,"{""fill_assumption_profile"": ""base"", ""modeled_lots"": 2, ""observed_lots"": 2, ""overlap_netted_lots"": 0, ""overlap_window_seconds"": 0.125, ""queue_consumed_lots"": 0, ""unmatched_lots"": 2}"
1772633474.341,689,BTCUSDT,queue_consumption,depth_update,ask,,716073,1,,,"{""fill_assumption_profile"": ""base"", ""modeled_lots"": 1, ""observed_lots"": 1, ""overlap_netted_lots"": 0, ""overlap_window_seconds"": 0.125, ""queue_consumed_lots"": 0, ""unmatched_lots"": 1}"
1772633474.341,690,BTCUSDT,queue_consumption,depth_update,ask,,716080,130,,,"{""fill_assumption_profile"": ""base"", ""modeled_lots"": 130, ""observed_lots"": 130, ""overlap_netted_lots"": 0, ""overlap_window_seconds"": 0.125, ""queue_consumed_lots"": 0, ""unmatched_lots"": 130}"
1772633474.341,691,BTCUSDT,queue_consumption,depth_update,ask,,716085,26,,,"{""fill_assumption_profile"": ""base"", ""modeled_lots"": 26, ""observed_lots"": 26, ""overlap_netted_lots"": 0, ""overlap_window_seconds"": 0.125, ""queue_consumed_lots"": 0, ""unmatched_lots"": 26}"
1772633474.341,692,BTCUSDT,queue_consumption,depth_update,ask,,716090,56,,,"{""fill_assumption_profile"": ""base"", ""modeled_lots"": 56, ""observed_lots"": 56, ""overlap_netted_lots"": 0, ""overlap_window_seconds"": 0.125, ""queue_consumed_lots"": 0, ""unmatched_lots"": 56}"
1772633474.341,693,BTCUSDT,queue_consumption,depth_update,ask,,716100,1,,,"{""fill_assumption_profile"": ""base"", ""modeled_lots"": 1, ""observed_lots"": 1, ""overlap_netted_lots"": 0, ""overlap_window_seconds"": 0.125, ""queue_consumed_lots"": 0, ""unmatched_lots"": 1}"
1772633474.341,694,BTCUSDT,queue_consumption,depth_update,ask,,716101,1,,,"{""fill_assumption_profile"": ""base"", ""modeled_lots"": 1, ""observed_lots"": 1, ""overlap_netted_lots"": 0, ""overlap_window_seconds"": 0.125, ""queue_consumed_lots"": 0, ""unmatched_lots"": 1}"
1772633474.341,695,BTCUSDT,queue_consumption,depth_update,ask,,716102,314,,,"{""fill_assumption_profile"": ""base"", ""modeled_lots"": 314, ""observed_lots"": 314, ""overlap_netted_lots"": 0, ""overlap_window_seconds"": 0.125, ""queue_consumed_lots"": 0, ""unmatched_lots"": 314}"
1772633474.341,696,BTCUSDT,queue_consumption,depth_update,ask,,716107,2,,,"{""fill_assumption_profile"": ""base"", ""modeled_lots"": 2, ""observed_lots"": 2, ""overlap_netted_lots"": 0, ""overlap_window_seconds"": 0.125, ""queue_consumed_lots"": 0, ""unmatched_lots"": 2}"
1772633474.341,697,BTCUSDT,queue_consumption,depth_update,ask,,716108,518,,,"{""fill_assumption_profile"": ""base"", ""modeled_lots"": 518, ""observed_lots"": 518, ""overlap_netted_lots"": 0, ""overlap_window_seconds"": 0.125, ""queue_consumed_lots"": 0, ""unmatched_lots"": 518}"
1772633474.341,698,BTCUSDT,queue_consumption,depth_update,ask,,716110,2,,,"{""fill_assumption_profile"": ""base"", ""modeled_lots"": 2, ""observed_lots"": 2, ""overlap_netted_lots"": 0, ""overlap_window_seconds"": 0.125, ""queue_consumed_lots"": 0, ""unmatched_lots"": 2}"
1772633474.341,699,BTCUSDT,queue_consumption,depth_update,ask,,716141,2,,,"{""fill_assumption_profile"": ""base"", ""modeled_lots"": 2, ""observed_lots"": 2, ""overlap_netted_lots"": 0, ""overlap_window_seconds"": 0.125, ""queue_consumed_lots"": 0, ""unmatched_lots"": 2}"
1772633474.341,700,BTCUSDT,queue_consumption,depth_update,ask,,716147,3,,,"{""fill_assumption_profile"": ""base"", ""modeled_lots"": 3, ""observed_lots"": 3, ""overlap_netted_lots"": 0, ""overlap_window_seconds"": 0.125, ""queue_consumed_lots"": 0, ""unmatched_lots"": 3}"
1772633474.341,701,BTCUSDT,queue_consumption,depth_update,ask,,716163,2,,,"{""fill_assumption_profile"": ""base"", ""modeled_lots"": 2, ""observed_lots"": 2, ""overlap_netted_lots"": 0, ""overlap_window_seconds"": 0.125, ""queue_consumed_lots"": 0, ""unmatched_lots"": 2}"
1772633474.341,702,BTCUSDT,queue_consumption,depth_update,ask,,716164,3,,,"{""fill_assumption_profile"": ""base"", ""modeled_lots"": 3, ""observed_lots"": 3, ""overlap_netted_lots"": 0, ""overlap_window_seconds"": 0.125, ""queue_consumed_lots"": 0, ""unmatched_lots"": 3}"
1772633474.341,703,BTCUSDT,queue_consumption,depth_update,ask,,716168,2,,,"{""fill_assumption_profile"": ""base"", ""modeled_lots"": 2, ""observed_lots"": 2, ""overlap_netted_lots"": 0, ""overlap_window_seconds"": 0.125, ""queue_consumed_lots"": 0, ""unmatched_lots"": 2}"
1772633474.341,704,BTCUSDT,queue_consumption,depth_update,ask,,716170,2,,,"{""fill_assumption_profile"": ""base"", ""modeled_lots"": 2, ""observed_lots"": 2, ""overlap_netted_lots"": 0, ""overlap_window_seconds"": 0.125, ""queue_consumed_lots"": 0, ""unmatched_lots"": 2}"
1772633474.341,705,BTCUSDT,queue_consumption,depth_update,ask,,716189,2,,,"{""fill_assumption_profile"": ""base"", ""modeled_lots"": 2, ""observed_lots"": 2, ""overlap_netted_lots"": 0, ""overlap_window_seconds"": 0.125, ""queue_consumed_lots"": 0, ""unmatched_lots"": 2}"
1772633474.341,706,BTCUSDT,queue_consumption,depth_update,ask,,716190,4,,,"{""fill_assumption_profile"": ""base"", ""modeled_lots"": 4, ""observed_lots"": 4, ""overlap_netted_lots"": 0, ""overlap_window_seconds"": 0.125, ""queue_consumed_lots"": 0, ""unmatched_lots"": 4}"
1772633474.341,707,BTCUSDT,queue_consumption,depth_update,ask,,716200,2,,,"{""fill_assumption_profile"": ""base"", ""modeled_lots"": 2, ""observed_lots"": 2, ""overlap_netted_lots"": 0, ""overlap_window_seconds"": 0.125, ""queue_consumed_lots"": 0, ""unmatched_lots"": 2}"
1772633474.341,708,BTCUSDT,queue_consumption,depth_update,ask,,716201,2,,,"{""fill_assumption_profile"": ""base"", ""modeled_lots"": 2, ""observed_lots"": 2, ""overlap_netted_lots"": 0, ""overlap_window_seconds"": 0.125, ""queue_consumed_lots"": 0, ""unmatched_lots"": 2}"
1772633474.341,709,BTCUSDT,queue_consumption,depth_update,ask,,716207,76,,,"{""fill_assumption_profile"": ""base"", ""modeled_lots"": 76, ""observed_lots"": 76, ""overlap_netted_lots"": 0, ""overlap_window_seconds"": 0.125, ""queue_consumed_lots"": 0, ""unmatched_lots"": 76}"
1772633474.341,710,BTCUSDT,queue_consumption,depth_update,ask,,716215,2,,,"{""fill_assumption_profile"": ""base"", ""modeled_lots"": 2, ""observed_lots"": 2, ""overlap_netted_lots"": 0, ""overlap_window_seconds"": 0.125, ""queue_consumed_lots"": 0, ""unmatched_lots"": 2}"
1772633474.341,711,BTCUSDT,queue_consumption,depth_update,ask,,716216,20,,,"{""fill_assumption_profile"": ""base"", ""modeled_lots"": 20, ""observed_lots"": 20, ""overlap_netted_lots"": 0, ""overlap_window_seconds"": 0.125, ""queue_consumed_lots"": 0, ""unmatched_lots"": 20}"
1772633474.341,712,BTCUSDT,queue_consumption,depth_update,ask,,716219,311,,,"{""fill_assumption_profile"": ""base"", ""modeled_lots"": 311, ""observed_lots"": 311, ""overlap_netted_lots"": 0, ""overlap_window_seconds"": 0.125, ""queue_consumed_lots"": 0, ""unmatched_lots"": 311}"
1772633474.341,713,BTCUSDT,queue_consumption,depth_update,ask,,716228,3,,,"{""fill_assumption_profile"": ""base"", ""modeled_lots"": 3, ""observed_lots"": 3, ""overlap_netted_lots"": 0, ""overlap_window_seconds"": 0.125, ""queue_consumed_lots"": 0, ""unmatched_lots"": 3}"
1772633474.341,714,BTCUSDT,queue_consumption,depth_update,ask,,716233,4,,,"{""fill_assumption_profile"": ""base"", ""modeled_lots"": 4, ""observed_lots"": 4, ""overlap_netted_lots"": 0, ""overlap_window_seconds"": 0.125, ""queue_consumed_lots"": 0, ""unmatched_lots"": 4}"
1772633474.341,715,BTCUSDT,queue_consumption,depth_update,ask,,716235,1,,,"{""fill_assumption_profile"": ""base"", ""modeled_lots"": 1, ""observed_lots"": 1, ""overlap_netted_lots"": 0, ""overlap_window_seconds"": 0.125, ""queue_consumed_lots"": 0, ""unmatched_lots"": 1}"
1772633474.341,716,BTCUSDT,queue_consumption,depth_update,ask,,716243,52,,,"{""fill_assumption_profile"": ""base"", ""modeled_lots"": 52, ""observed_lots"": 52, ""overlap_netted_lots"": 0, ""overlap_window_seconds"": 0.125, ""queue_consumed_lots"": 0, ""unmatched_lots"": 52}"
1772633474.341,717,BTCUSDT,queue_consumption,depth_update,ask,,716247,44,,,"{""fill_assumption_profile"": ""base"", ""modeled_lots"": 44, ""observed_lots"": 44, ""overlap_netted_lots"": 0, ""overlap_window_seconds"": 0.125, ""queue_consumed_lots"": 0, ""unmatched_lots"": 44}"
1772633474.341,718,BTCUSDT,queue_consumption,depth_update,ask,,716248,44,,,"{""fill_assumption_profile"": ""base"", ""modeled_lots"": 44, ""observed_lots"": 44, ""overlap_netted_lots"": 0, ""overlap_window_seconds"": 0.125, ""queue_consumed_lots"": 0, ""unmatched_lots"": 44}"
1772633474.341,719,BTCUSDT,queue_consumption,depth_update,ask,,716250,2,,,"{""fill_assumption_profile"": ""base"", ""modeled_lots"": 2, ""observed_lots"": 2, ""overlap_netted_lots"": 0, ""overlap_window_seconds"": 0.125, ""queue_consumed_lots"": 0, ""unmatched_lots"": 2}"
1772633474.341,720,BTCUSDT,queue_consumption,depth_update,ask,,716253,12,,,"{""fill_assumption_profile"": ""base"", ""modeled_lots"": 12, ""observed_lots"": 12, ""overlap_netted_lots"": 0, ""overlap_window_seconds"": 0.125, ""queue_consumed_lots"": 0, ""unmatched_lots"": 12}"
1772633474.341,721,BTCUSDT,queue_consumption,depth_update,ask,,716260,1,,,"{""fill_assumption_profile"": ""base"", ""modeled_lots"": 1, ""observed_lots"": 1, ""overlap_netted_lots"": 0, ""overlap_window_seconds"": 0.125, ""queue_consumed_lots"": 0, ""unmatched_lots"": 1}"
1772633474.341,722,BTCUSDT,queue_consumption,depth_update,ask,,716270,34,,,"{""fill_assumption_profile"": ""base"", ""modeled_lots"": 34, ""observed_lots"": 34, ""overlap_netted_lots"": 0, ""overlap_window_seconds"": 0.125, ""queue_consumed_lots"": 0, ""unmatched_lots"": 34}"
1772633474.341,723,BTCUSDT,queue_consumption,depth_update,ask,,716274,2,,,"{""fill_assumption_profile"": ""base"", ""modeled_lots"": 2, ""observed_lots"": 2, ""overlap_netted_lots"": 0, ""overlap_window_seconds"": 0.125, ""queue_consumed_lots"": 0, ""unmatched_lots"": 2}"
1772633474.341,724,BTCUSDT,queue_consumption,depth_update,ask,,716275,12,,,"{""fill_assumption_profile"": ""base"", ""modeled_lots"": 12, ""observed_lots"": 12, ""overlap_netted_lots"": 0, ""overlap_window_seconds"": 0.125, ""queue_consumed_lots"": 0, ""unmatched_lots"": 12}"
1772633474.341,725,BTCUSDT,queue_consumption,depth_update,ask,,716281,1,,,"{""fill_assumption_profile"": ""base"", ""modeled_lots"": 1, ""observed_lots"": 1, ""overlap_netted_lots"": 0, ""overlap_window_seconds"": 0.125, ""queue_consumed_lots"": 0, ""unmatched_lots"": 1}"
1772633474.341,726,BTCUSDT,queue_consumption,depth_update,ask,,716298,1,,,"{""fill_assumption_profile"": ""base"", ""modeled_lots"": 1, ""observed_lots"": 1, ""overlap_netted_lots"": 0, ""overlap_window_seconds"": 0.125, ""queue_consumed_lots"": 0, ""unmatched_lots"": 1}"
1772633474.341,727,BTCUSDT,queue_consumption,depth_update,ask,,716308,104,,,"{""fill_assumption_profile"": ""base"", ""modeled_lots"": 104, ""observed_lots"": 104, ""overlap_netted_lots"": 0, ""overlap_window_seconds"": 0.125, ""queue_consumed_lots"": 0, ""unmatched_lots"": 104}"
1772633474.341,728,BTCUSDT,queue_consumption,depth_update,ask,,716316,1,,,"{""fill_assumption_profile"": ""base"", ""modeled_lots"": 1, ""observed_lots"": 1, ""overlap_netted_lots"": 0, ""overlap_window_seconds"": 0.125, ""queue_consumed_lots"": 0, ""unmatched_lots"": 1}"
1772633474.341,729,BTCUSDT,queue_consumption,depth_update,ask,,716321,28,,,"{""fill_assumption_profile"": ""base"", ""modeled_lots"": 28, ""observed_lots"": 28, ""overlap_netted_lots"": 0, ""overlap_window_seconds"": 0.125, ""queue_consumed_lots"": 0, ""unmatched_lots"": 28}"
1772633474.341,730,BTCUSDT,queue_consumption,depth_update,ask,,716325,6,,,"{""fill_assumption_profile"": ""base"", ""modeled_lots"": 6, ""observed_lots"": 6, ""overlap_netted_lots"": 0, ""overlap_window_seconds"": 0.125, ""queue_consumed_lots"": 0, ""unmatched_lots"": 6}"
1772633474.341,731,BTCUSDT,queue_consumption,depth_update,ask,,716332,6,,,"{""fill_assumption_profile"": ""base"", ""modeled_lots"": 6, ""observed_lots"": 6, ""overlap_netted_lots"": 0, ""overlap_window_seconds"": 0.125, ""queue_consumed_lots"": 0, ""unmatched_lots"": 6}"
1772633474.341,732,BTCUSDT,queue_consumption,depth_update,ask,,716333,6,,,"{""fill_assumption_profile"": ""base"", ""modeled_lots"": 6, ""observed_lots"": 6, ""overlap_netted_lots"": 0, ""overlap_window_seconds"": 0.125, ""queue_consumed_lots"": 0, ""unmatched_lots"": 6}"
1772633474.341,733,BTCUSDT,queue_consumption,depth_update,ask,,716337,72,,,"{""fill_assumption_profile"": ""base"", ""modeled_lots"": 72, ""observed_lots"": 72, ""overlap_netted_lots"": 0, ""overlap_window_seconds"": 0.125, ""queue_consumed_lots"": 0, ""unmatched_lots"": 72}"
1772633474.341,734,BTCUSDT,queue_consumption,depth_update,ask,,716350,52,,,"{""fill_assumption_profile"": ""base"", ""modeled_lots"": 52, ""observed_lots"": 52, ""overlap_netted_lots"": 0, ""overlap_window_seconds"": 0.125, ""queue_consumed_lots"": 0, ""unmatched_lots"": 52}"
1772633474.341,735,BTCUSDT,queue_consumption,depth_update,ask,,716354,5,,,"{""fill_assumption_profile"": ""base"", ""modeled_lots"": 5, ""observed_lots"": 5, ""overlap_netted_lots"": 0, ""overlap_window_seconds"": 0.125, ""queue_consumed_lots"": 0, ""unmatched_lots"": 5}"
1772633474.341,736,BTCUSDT,queue_consumption,depth_update,ask,,716360,2,,,"{""fill_assumption_profile"": ""base"", ""modeled_lots"": 2, ""observed_lots"": 2, ""overlap_netted_lots"": 0, ""overlap_window_seconds"": 0.125, ""queue_consumed_lots"": 0, ""unmatched_lots"": 2}"
1772633474.341,737,BTCUSDT,queue_consumption,depth_update,ask,,716366,36,,,"{""fill_assumption_profile"": ""base"", ""modeled_lots"": 36, ""observed_lots"": 36, ""overlap_netted_lots"": 0, ""overlap_window_seconds"": 0.125, ""queue_consumed_lots"": 0, ""unmatched_lots"": 36}"
1772633474.341,738,BTCUSDT,queue_consumption,depth_update,ask,,716374,7,,,"{""fill_assumption_profile"": ""base"", ""modeled_lots"": 7, ""observed_lots"": 7, ""overlap_netted_lots"": 0, ""overlap_window_seconds"": 0.125, ""queue_consumed_lots"": 0, ""unmatched_lots"": 7}"
1772633474.341,739,BTCUSDT,queue_consumption,depth_update,ask,,716380,2,,,"{""fill_assumption_profile"": ""base"", ""modeled_lots"": 2, ""observed_lots"": 2, ""overlap_netted_lots"": 0, ""overlap_window_seconds"": 0.125, ""queue_consumed_lots"": 0, ""unmatched_lots"": 2}"
1772633474.341,740,BTCUSDT,queue_consumption,depth_update,ask,,716395,50,,,"{""fill_assumption_profile"": ""base"", ""modeled_lots"": 50, ""observed_lots"": 50, ""overlap_netted_lots"": 0, ""overlap_window_seconds"": 0.125, ""queue_consumed_lots"": 0, ""unmatched_lots"": 50}"
1772633474.341,741,BTCUSDT,queue_consumption,depth_update,ask,,716396,29,,,"{""fill_assumption_profile"": ""base"", ""modeled_lots"": 29, ""observed_lots"": 29, ""overlap_netted_lots"": 0, ""overlap_window_seconds"": 0.125, ""queue_consumed_lots"": 0, ""unmatched_lots"": 29}"
1772633474.341,742,BTCUSDT,queue_consumption,depth_update,ask,,716421,3,,,"{""fill_assumption_profile"": ""base"", ""modeled_lots"": 3, ""observed_lots"": 3, ""overlap_netted_lots"": 0, ""overlap_window_seconds"": 0.125, ""queue_consumed_lots"": 0, ""unmatched_lots"": 3}"
1772633474.341,743,BTCUSDT,queue_consumption,depth_update,ask,,716428,7,,,"{""fill_assumption_profile"": ""base"", ""modeled_lots"": 7, ""observed_lots"": 7, ""overlap_netted_lots"": 0, ""overlap_window_seconds"": 0.125, ""queue_consumed_lots"": 0, ""unmatched_lots"": 7}"
1772633474.341,744,BTCUSDT,queue_consumption,depth_update,ask,,716432,145,,,"{""fill_assumption_profile"": ""base"", ""modeled_lots"": 145, ""observed_lots"": 145, ""overlap_netted_lots"": 0, ""overlap_window_seconds"": 0.125, ""queue_consumed_lots"": 0, ""unmatched_lots"": 145}"
1772633474.341,745,BTCUSDT,queue_consumption,depth_update,ask,,716435,61,,,"{""fill_assumption_profile"": ""base"", ""modeled_lots"": 61, ""observed_lots"": 61, ""overlap_netted_lots"": 0, ""overlap_window_seconds"": 0.125, ""queue_consumed_lots"": 0, ""unmatched_lots"": 61}"
1772633474.341,746,BTCUSDT,queue_consumption,depth_update,ask,,716440,628,,,"{""fill_assumption_profile"": ""base"", ""modeled_lots"": 628, ""observed_lots"": 628, ""overlap_netted_lots"": 0, ""overlap_window_seconds"": 0.125, ""queue_consumed_lots"": 0, ""unmatched_lots"": 628}"
1772633474.341,747,BTCUSDT,queue_consumption,depth_update,ask,,716442,3,,,"{""fill_assumption_profile"": ""base"", ""modeled_lots"": 3, ""observed_lots"": 3, ""overlap_netted_lots"": 0, ""overlap_window_seconds"": 0.125, ""queue_consumed_lots"": 0, ""unmatched_lots"": 3}"
1772633474.341,748,BTCUSDT,queue_consumption,depth_update,ask,,716449,3,,,"{""fill_assumption_profile"": ""base"", ""modeled_lots"": 3, ""observed_lots"": 3, ""overlap_netted_lots"": 0, ""overlap_window_seconds"": 0.125, ""queue_consumed_lots"": 0, ""unmatched_lots"": 3}"
1772633474.341,749,BTCUSDT,queue_consumption,depth_update,ask,,716450,2,,,"{""fill_assumption_profile"": ""base"", ""modeled_lots"": 2, ""observed_lots"": 2, ""overlap_netted_lots"": 0, ""overlap_window_seconds"": 0.125, ""queue_consumed_lots"": 0, ""unmatched_lots"": 2}"
1772633474.341,750,BTCUSDT,queue_consumption,depth_update,ask,,716467,70,,,"{""fill_assumption_profile"": ""base"", ""modeled_lots"": 70, ""observed_lots"": 70, ""overlap_netted_lots"": 0, ""overlap_window_seconds"": 0.125, ""queue_consumed_lots"": 0, ""unmatched_lots"": 70}"
1772633474.341,751,BTCUSDT,queue_consumption,depth_update,ask,,716472,3,,,"{""fill_assumption_profile"": ""base"", ""modeled_lots"": 3, ""observed_lots"": 3, ""overlap_netted_lots"": 0, ""overlap_window_seconds"": 0.125, ""queue_consumed_lots"": 0, ""unmatched_lots"": 3}"
1772633474.341,752,BTCUSDT,queue_consumption,depth_update,ask,,716488,20,,,"{""fill_assumption_profile"": ""base"", ""modeled_lots"": 20, ""observed_lots"": 20, ""overlap_netted_lots"": 0, ""overlap_window_seconds"": 0.125, ""queue_consumed_lots"": 0, ""unmatched_lots"": 20}"
1772633474.341,753,BTCUSDT,queue_consumption,depth_update,ask,,716490,39,,,"{""fill_assumption_profile"": ""base"", ""modeled_lots"": 39, ""observed_lots"": 39, ""overlap_netted_lots"": 0, ""overlap_window_seconds"": 0.125, ""queue_consumed_lots"": 0, ""unmatched_lots"": 39}"
1772633474.341,754,BTCUSDT,queue_consumption,depth_update,ask,,716492,100,,,"{""fill_assumption_profile"": ""base"", ""modeled_lots"": 100, ""observed_lots"": 100, ""overlap_netted_lots"": 0, ""overlap_window_seconds"": 0.125, ""queue_consumed_lots"": 0, ""unmatched_lots"": 100}"
1772633474.341,755,BTCUSDT,queue_consumption,depth_update,ask,,716496,2,,,"{""fill_assumption_profile"": ""base"", ""modeled_lots"": 2, ""observed_lots"": 2, ""overlap_netted_lots"": 0, ""overlap_window_seconds"": 0.125, ""queue_consumed_lots"": 0, ""unmatched_lots"": 2}"
1772633474.341,756,BTCUSDT,queue_consumption,depth_update,ask,,716523,24,,,"{""fill_assumption_profile"": ""base"", ""modeled_lots"": 24, ""observed_lots"": 24, ""overlap_netted_lots"": 0, ""overlap_window_seconds"": 0.125, ""queue_consumed_lots"": 0, ""unmatched_lots"": 24}"
1772633474.341,757,BTCUSDT,queue_consumption,depth_update,ask,,716526,3,,,"{""fill_assumption_profile"": ""base"", ""modeled_lots"": 3, ""observed_lots"": 3, ""overlap_netted_lots"": 0, ""overlap_window_seconds"": 0.125, ""queue_consumed_lots"": 0, ""unmatched_lots"": 3}"
1772633474.341,758,BTCUSDT,queue_consumption,depth_update,ask,,716527,4,,,"{""fill_assumption_profile"": ""base"", ""modeled_lots"": 4, ""observed_lots"": 4, ""overlap_netted_lots"": 0, ""overlap_window_seconds"": 0.125, ""queue_consumed_lots"": 0, ""unmatched_lots"": 4}"
1772633474.341,759,BTCUSDT,queue_consumption,depth_update,ask,,716529,100,,,"{""fill_assumption_profile"": ""base"", ""modeled_lots"": 100, ""observed_lots"": 100, ""overlap_netted_lots"": 0, ""overlap_window_seconds"": 0.125, ""queue_consumed_lots"": 0, ""unmatched_lots"": 100}"
1772633474.341,760,BTCUSDT,queue_consumption,depth_update,ask,,716559,28,,,"{""fill_assumption_profile"": ""base"", ""modeled_lots"": 28, ""observed_lots"": 28, ""overlap_netted_lots"": 0, ""overlap_window_seconds"": 0.125, ""queue_consumed_lots"": 0, ""unmatched_lots"": 28}"
1772633474.341,761,BTCUSDT,queue_consumption,depth_update,ask,,716565,6,,,"{""fill_assumption_profile"": ""base"", ""modeled_lots"": 6, ""observed_lots"": 6, ""overlap_netted_lots"": 0, ""overlap_window_seconds"": 0.125, ""queue_consumed_lots"": 0, ""unmatched_lots"": 6}"
1772633474.341,762,BTCUSDT,queue_consumption,depth_update,ask,,716569,3,,,"{""fill_assumption_profile"": ""base"", ""modeled_lots"": 3, ""observed_lots"": 3, ""overlap_netted_lots"": 0, ""overlap_window_seconds"": 0.125, ""queue_consumed_lots"": 0, ""unmatched_lots"": 3}"
1772633474.341,763,BTCUSDT,queue_consumption,depth_update,ask,,716575,24,,,"{""fill_assumption_profile"": ""base"", ""modeled_lots"": 24, ""observed_lots"": 24, ""overlap_netted_lots"": 0, ""overlap_window_seconds"": 0.125, ""queue_consumed_lots"": 0, ""unmatched_lots"": 24}"
1772633474.341,764,BTCUSDT,queue_consumption,depth_update,ask,,716593,20,,,"{""fill_assumption_profile"": ""base"", ""modeled_lots"": 20, ""observed_lots"": 20, ""overlap_netted_lots"": 0, ""overlap_window_seconds"": 0.125, ""queue_consumed_lots"": 0, ""unmatched_lots"": 20}"
1772633474.341,765,BTCUSDT,queue_consumption,depth_update,ask,,716597,61,,,"{""fill_assumption_profile"": ""base"", ""modeled_lots"": 61, ""observed_lots"": 61, ""overlap_netted_lots"": 0, ""overlap_window_seconds"": 0.125, ""queue_consumed_lots"": 0, ""unmatched_lots"": 61}"
1772633474.341,766,BTCUSDT,queue_consumption,depth_update,ask,,716670,2,,,"{""fill_assumption_profile"": ""base"", ""modeled_lots"": 2, ""observed_lots"": 2, ""overlap_netted_lots"": 0, ""overlap_window_seconds"": 0.125, ""queue_consumed_lots"": 0, ""unmatched_lots"": 2}"
1772633474.341,767,BTCUSDT,queue_consumption,depth_update,ask,,716675,3,,,"{""fill_assumption_profile"": ""base"", ""modeled_lots"": 3, ""observed_lots"": 3, ""overlap_netted_lots"": 0, ""overlap_window_seconds"": 0.125, ""queue_consumed_lots"": 0, ""unmatched_lots"": 3}"
1772633474.341,768,BTCUSDT,queue_consumption,depth_update,ask,,716682,140,,,"{""fill_assumption_profile"": ""base"", ""modeled_lots"": 140, ""observed_lots"": 140, ""overlap_netted_lots"": 0, ""overlap_window_seconds"": 0.125, ""queue_consumed_lots"": 0, ""unmatched_lots"": 140}"
1772633474.341,769,BTCUSDT,queue_consumption,depth_update,ask,,716705,122,,,"{""fill_assumption_profile"": ""base"", ""modeled_lots"": 122, ""observed_lots"": 122, ""overlap_netted_lots"": 0, ""overlap_window_seconds"": 0.125, ""queue_consumed_lots"": 0, ""unmatched_lots"": 122}"
1772633474.341,770,BTCUSDT,queue_consumption,depth_update,ask,,716707,4,,,"{""fill_assumption_profile"": ""base"", ""modeled_lots"": 4, ""observed_lots"": 4, ""overlap_netted_lots"": 0, ""overlap_window_seconds"": 0.125, ""queue_consumed_lots"": 0, ""unmatched_lots"": 4}"
1772633474.341,771,BTCUSDT,queue_consumption,depth_update,ask,,716719,231,,,"{""fill_assumption_profile"": ""base"", ""modeled_lots"": 231, ""observed_lots"": 231, ""overlap_netted_lots"": 0, ""overlap_window_seconds"": 0.125, ""queue_consumed_lots"": 0, ""unmatched_lots"": 231}"
1772633474.341,772,BTCUSDT,queue_consumption,depth_update,ask,,716723,150,,,"{""fill_assumption_profile"": ""base"", ""modeled_lots"": 150, ""observed_lots"": 150, ""overlap_netted_lots"": 0, ""overlap_window_seconds"": 0.125, ""queue_consumed_lots"": 0, ""unmatched_lots"": 150}"
1772633474.341,773,BTCUSDT,queue_consumption,depth_update,ask,,716760,2,,,"{""fill_assumption_profile"": ""base"", ""modeled_lots"": 2, ""observed_lots"": 2, ""overlap_netted_lots"": 0, ""overlap_window_seconds"": 0.125, ""queue_consumed_lots"": 0, ""unmatched_lots"": 2}"
1772633474.341,774,BTCUSDT,queue_consumption,depth_update,ask,,716782,2,,,"{""fill_assumption_profile"": ""base"", ""modeled_lots"": 2, ""observed_lots"": 2, ""overlap_netted_lots"": 0, ""overlap_window_seconds"": 0.125, ""queue_consumed_lots"": 0, ""unmatched_lots"": 2}"
1772633474.341,775,BTCUSDT,queue_consumption,depth_update,ask,,716787,803,,,"{""fill_assumption_profile"": ""base"", ""modeled_lots"": 803, ""observed_lots"": 803, ""overlap_netted_lots"": 0, ""overlap_window_seconds"": 0.125, ""queue_consumed_lots"": 0, ""unmatched_lots"": 803}"
1772633474.341,776,BTCUSDT,queue_consumption,depth_update,ask,,716795,7,,,"{""fill_assumption_profile"": ""base"", ""modeled_lots"": 7, ""observed_lots"": 7, ""overlap_netted_lots"": 0, ""overlap_window_seconds"": 0.125, ""queue_consumed_lots"": 0, ""unmatched_lots"": 7}"
1772633474.341,777,BTCUSDT,queue_consumption,depth_update,ask,,716804,2,,,"{""fill_assumption_profile"": ""base"", ""modeled_lots"": 2, ""observed_lots"": 2, ""overlap_netted_lots"": 0, ""overlap_window_seconds"": 0.125, ""queue_consumed_lots"": 0, ""unmatched_lots"": 2}"
1772633474.341,778,BTCUSDT,queue_consumption,depth_update,ask,,716823,1,,,"{""fill_assumption_profile"": ""base"", ""modeled_lots"": 1, ""observed_lots"": 1, ""overlap_netted_lots"": 0, ""overlap_window_seconds"": 0.125, ""queue_consumed_lots"": 0, ""unmatched_lots"": 1}"
1772633474.341,779,BTCUSDT,queue_consumption,depth_update,ask,,716826,2,,,"{""fill_assumption_profile"": ""base"", ""modeled_lots"": 2, ""observed_lots"": 2, ""overlap_netted_lots"": 0, ""overlap_window_seconds"": 0.125, ""queue_consumed_lots"": 0, ""unmatched_lots"": 2}"
1772633474.341,780,BTCUSDT,queue_consumption,depth_update,ask,,716835,803,,,"{""fill_assumption_profile"": ""base"", ""modeled_lots"": 803, ""observed_lots"": 803, ""overlap_netted_lots"": 0, ""overlap_window_seconds"": 0.125, ""queue_consumed_lots"": 0, ""unmatched_lots"": 803}"
1772633474.341,781,BTCUSDT,queue_consumption,depth_update,ask,,716844,2,,,"{""fill_assumption_profile"": ""base"", ""modeled_lots"": 2, ""observed_lots"": 2, ""overlap_netted_lots"": 0, ""overlap_window_seconds"": 0.125, ""queue_consumed_lots"": 0, ""unmatched_lots"": 2}"
1772633474.341,782,BTCUSDT,queue_consumption,depth_update,ask,,716849,1,,,"{""fill_assumption_profile"": ""base"", ""modeled_lots"": 1, ""observed_lots"": 1, ""overlap_netted_lots"": 0, ""overlap_window_seconds"": 0.125, ""queue_consumed_lots"": 0, ""unmatched_lots"": 1}"
1772633474.341,783,BTCUSDT,queue_consumption,depth_update,ask,,716858,2,,,"{""fill_assumption_profile"": ""base"", ""modeled_lots"": 2, ""observed_lots"": 2, ""overlap_netted_lots"": 0, ""overlap_window_seconds"": 0.125, ""queue_consumed_lots"": 0, ""unmatched_lots"": 2}"
1772633474.341,784,BTCUSDT,queue_consumption,depth_update,ask,,716867,7,,,"{""fill_assumption_profile"": ""base"", ""modeled_lots"": 7, ""observed_lots"": 7, ""overlap_netted_lots"": 0, ""overlap_window_seconds"": 0.125, ""queue_consumed_lots"": 0, ""unmatched_lots"": 7}"
1772633474.341,785,BTCUSDT,queue_consumption,depth_update,ask,,716880,1,,,"{""fill_assumption_profile"": ""base"", ""modeled_lots"": 1, ""observed_lots"": 1, ""overlap_netted_lots"": 0, ""overlap_window_seconds"": 0.125, ""queue_consumed_lots"": 0, ""unmatched_lots"": 1}"
1772633474.341,786,BTCUSDT,queue_consumption,depth_update,ask,,716936,4,,,"{""fill_assumption_profile"": ""base"", ""modeled_lots"": 4, ""observed_lots"": 4, ""overlap_netted_lots"": 0, ""overlap_window_seconds"": 0.125, ""queue_consumed_lots"": 0, ""unmatched_lots"": 4}"
1772633474.341,787,BTCUSDT,queue_consumption,depth_update,ask,,716957,10,,,"{""fill_assumption_profile"": ""base"", ""modeled_lots"": 10, ""observed_lots"": 10, ""overlap_netted_lots"": 0, ""overlap_window_seconds"": 0.125, ""queue_consumed_lots"": 0, ""unmatched_lots"": 10}"
1772633474.341,788,BTCUSDT,queue_consumption,depth_update,ask,,717046,2,,,"{""fill_assumption_profile"": ""base"", ""modeled_lots"": 2, ""observed_lots"": 2, ""overlap_netted_lots"": 0, ""overlap_window_seconds"": 0.125, ""queue_consumed_lots"": 0, ""unmatched_lots"": 2}"
1772633474.341,789,BTCUSDT,queue_consumption,depth_update,ask,,717065,1,,,"{""fill_assumption_profile"": ""base"", ""modeled_lots"": 1, ""observed_lots"": 1, ""overlap_netted_lots"": 0, ""overlap_window_seconds"": 0.125, ""queue_consumed_lots"": 0, ""unmatched_lots"": 1}"
1772633474.341,790,BTCUSDT,queue_consumption,depth_update,ask,,717067,2,,,"{""fill_assumption_profile"": ""base"", ""modeled_lots"": 2, ""observed_lots"": 2, ""overlap_netted_lots"": 0, ""overlap_window_seconds"": 0.125, ""queue_consumed_lots"": 0, ""unmatched_lots"": 2}"
1772633474.341,791,BTCUSDT,queue_consumption,depth_update,ask,,717088,2,,,"{""fill_assumption_profile"": ""base"", ""modeled_lots"": 2, ""observed_lots"": 2, ""overlap_netted_lots"": 0, ""overlap_window_seconds"": 0.125, ""queue_consumed_lots"": 0, ""unmatched_lots"": 2}"
1772633474.341,792,BTCUSDT,queue_consumption,depth_update,ask,,717113,6,,,"{""fill_assumption_profile"": ""base"", ""modeled_lots"": 6, ""observed_lots"": 6, ""overlap_netted_lots"": 0, ""overlap_window_seconds"": 0.125, ""queue_consumed_lots"": 0, ""unmatched_lots"": 6}"
1772633474.341,793,BTCUSDT,queue_consumption,depth_update,ask,,717192,246,,,"{""fill_assumption_profile"": ""base"", ""modeled_lots"": 246, ""observed_lots"": 246, ""overlap_netted_lots"": 0, ""overlap_window_seconds"": 0.125, ""queue_consumed_lots"": 0, ""unmatched_lots"": 246}"
1772633474.341,794,BTCUSDT,queue_consumption,depth_update,ask,,717200,2096,,,"{""fill_assumption_profile"": ""base"", ""modeled_lots"": 2096, ""observed_lots"": 2096, ""overlap_netted_lots"": 0, ""overlap_window_seconds"": 0.125, ""queue_consumed_lots"": 0, ""unmatched_lots"": 2096}"
1772633474.341,795,BTCUSDT,queue_consumption,depth_update,ask,,717349,39,,,"{""fill_assumption_profile"": ""base"", ""modeled_lots"": 39, ""observed_lots"": 39, ""overlap_netted_lots"": 0, ""overlap_window_seconds"": 0.125, ""queue_consumed_lots"": 0, ""unmatched_lots"": 39}"
1772633474.341,796,BTCUSDT,queue_consumption,depth_update,ask,,717457,2,,,"{""fill_assumption_profile"": ""base"", ""modeled_lots"": 2, ""observed_lots"": 2, ""overlap_netted_lots"": 0, ""overlap_window_seconds"": 0.125, ""queue_consumed_lots"": 0, ""unmatched_lots"": 2}"
1772633474.341,797,BTCUSDT,queue_consumption,depth_update,ask,,717979,3,,,"{""fill_assumption_profile"": ""base"", ""modeled_lots"": 3, ""observed_lots"": 3, ""overlap_netted_lots"": 0, ""overlap_window_seconds"": 0.125, ""queue_consumed_lots"": 0, ""unmatched_lots"": 3}"
1772633474.341,798,BTCUSDT,queue_consumption,depth_update,ask,,723113,4,,,"{""fill_assumption_profile"": ""base"", ""modeled_lots"": 4, ""observed_lots"": 4, ""overlap_netted_lots"": 0, ""overlap_window_seconds"": 0.125, ""queue_consumed_lots"": 0, ""unmatched_lots"": 4}"
1772633474.341,799,BTCUSDT,queue_consumption,depth_update,ask,,725895,24,,,"{""fill_assumption_profile"": ""base"", ""modeled_lots"": 24, ""observed_lots"": 24, ""overlap_netted_lots"": 0, ""overlap_window_seconds"": 0.125, ""queue_consumed_lots"": 0, ""unmatched_lots"": 24}"
1772633474.341,800,BTCUSDT,queue_consumption,depth_update,ask,,725953,8,,,"{""fill_assumption_profile"": ""base"", ""modeled_lots"": 8, ""observed_lots"": 8, ""overlap_netted_lots"": 0, ""overlap_window_seconds"": 0.125, ""queue_consumed_lots"": 0, ""unmatched_lots"": 8}"
1772633474.341,801,BTCUSDT,queue_consumption,depth_update,ask,,725985,18,,,"{""fill_assumption_profile"": ""base"", ""modeled_lots"": 18, ""observed_lots"": 18, ""overlap_netted_lots"": 0, ""overlap_window_seconds"": 0.125, ""queue_consumed_lots"": 0, ""unmatched_lots"": 18}"
1772633474.341,802,BTCUSDT,queue_consumption,depth_update,ask,,726454,2,,,"{""fill_assumption_profile"": ""base"", ""modeled_lots"": 2, ""observed_lots"": 2, ""overlap_netted_lots"": 0, ""overlap_window_seconds"": 0.125, ""queue_consumed_lots"": 0, ""unmatched_lots"": 2}"
1772633474.341,803,BTCUSDT,queue_consumption,depth_update,ask,,726704,2,,,"{""fill_assumption_profile"": ""base"", ""modeled_lots"": 2, ""observed_lots"": 2, ""overlap_netted_lots"": 0, ""overlap_window_seconds"": 0.125, ""queue_consumed_lots"": 0, ""unmatched_lots"": 2}"
1772633474.365,804,BTCUSDT,market_record,aggTrade,,,,,,,"{""buyer_is_maker"": true, ""price"": ""71586.60"", ""qty"": ""0.073"", ""record_type"": ""aggTrade""}"
1772633474.365,805,BTCUSDT,queue_consumption,agg_trade,bid,,715866,73,,,"{""fill_assumption_profile"": ""base"", ""modeled_lots"": 73, ""observed_lots"": 73, ""overlap_netted_lots"": 0, ""overlap_window_seconds"": 0.125, ""queue_consumed_lots"": 71, ""unmatched_lots"": 2}"
1772633474.443,806,BTCUSDT,market_record,depthUpdate,,,,,,,"{""ask_updates"": 157, ""bid_updates"": 164, ""final_update_id"": 10038350920857, ""first_update_id"": 10038350910862, ""prev_update_id"": 10038350910848, ""record_type"": ""depthUpdate""}"
1772633474.443,807,BTCUSDT,queue_consumption,depth_update,bid,,211997,81,,,"{""fill_assumption_profile"": ""base"", ""modeled_lots"": 81, ""observed_lots"": 81, ""overlap_netted_lots"": 0, ""overlap_window_seconds"": 0.125, ""queue_consumed_lots"": 0, ""unmatched_lots"": 81}"
1772633474.443,808,BTCUSDT,queue_consumption,depth_update,bid,,213997,72,,,"{""fill_assumption_profile"": ""base"", ""modeled_lots"": 72, ""observed_lots"": 72, ""overlap_netted_lots"": 0, ""overlap_window_seconds"": 0.125, ""queue_consumed_lots"": 0, ""unmatched_lots"": 72}"
1772633474.443,809,BTCUSDT,queue_consumption,depth_update,bid,,214997,81,,,"{""fill_assumption_profile"": ""base"", ""modeled_lots"": 81, ""observed_lots"": 81, ""overlap_netted_lots"": 0, ""overlap_window_seconds"": 0.125, ""queue_consumed_lots"": 0, ""unmatched_lots"": 81}"
1772633474.443,810,BTCUSDT,queue_consumption,depth_update,bid,,411997,33,,,"{""fill_assumption_profile"": ""base"", ""modeled_lots"": 33, ""observed_lots"": 33, ""overlap_netted_lots"": 0, ""overlap_window_seconds"": 0.125, ""queue_consumed_lots"": 0, ""unmatched_lots"": 33}"
1772633474.443,811,BTCUSDT,queue_consumption,depth_update,bid,,414997,60,,,"{""fill_assumption_profile"": ""base"", ""modeled_lots"": 60, ""observed_lots"": 60, ""overlap_netted_lots"": 0, ""overlap_window_seconds"": 0.125, ""queue_consumed_lots"": 0, ""unmatched_lots"": 60}"
1772633474.443,812,BTCUSDT,queue_consumption,depth_update,bid,,708750,352,,,"{""fill_assumption_profile"": ""base"", ""modeled_lots"": 352, ""observed_lots"": 352, ""overlap_netted_lots"": 0, ""overlap_window_seconds"": 0.125, ""queue_consumed_lots"": 0, ""unmatched_lots"": 352}"
1772633474.443,813,BTCUSDT,queue_consumption,depth_update,bid,,712904,144,,,"{""fill_assumption_profile"": ""base"", ""modeled_lots"": 144, ""observed_lots"": 144, ""overlap_netted_lots"": 0, ""overlap_window_seconds"": 0.125, ""queue_consumed_lots"": 0, ""unmatched_lots"": 144}"
1772633474.443,814,BTCUSDT,queue_consumption,depth_update,bid,,714518,777,,,"{""fill_assumption_profile"": ""base"", ""modeled_lots"": 777, ""observed_lots"": 777, ""overlap_netted_lots"": 0, ""overlap_window_seconds"": 0.125, ""queue_consumed_lots"": 0, ""unmatched_lots"": 777}"
1772633474.443,815,BTCUSDT,queue_consumption,depth_update,bid,,715141,3,,,"{""fill_assumption_profile"": ""base"", ""modeled_lots"": 3, ""observed_lots"": 3, ""overlap_netted_lots"": 0, ""overlap_window_seconds"": 0.125, ""queue_consumed_lots"": 0, ""unmatched_lots"": 3}"
1772633474.443,816,BTCUSDT,queue_consumption,depth_update,bid,,715198,279,,,"{""fill_assumption_profile"": ""base"", ""modeled_lots"": 279, ""observed_lots"": 279, ""overlap_netted_lots"": 0, ""overlap_window_seconds"": 0.125, ""queue_consumed_lots"": 0, ""unmatched_lots"": 279}"
1772633474.443,817,BTCUSDT,queue_consumption,depth_update,bid,,715297,30,,,"{""fill_assumption_profile"": ""base"", ""modeled_lots"": 30, ""observed_lots"": 30, ""overlap_netted_lots"": 0, ""overlap_window_seconds"": 0.125, ""queue_consumed_lots"": 0, ""unmatched_lots"": 30}"
1772633474.443,818,BTCUSDT,queue_consumption,depth_update,bid,,715359,2,,,"{""fill_assumption_profile"": ""base"", ""modeled_lots"": 2, ""observed_lots"": 2, ""overlap_netted_lots"": 0, ""overlap_window_seconds"": 0.125, ""queue_consumed_lots"": 0, ""unmatched_lots"": 2}"
1772633474.443,819,BTCUSDT,queue_consumption,depth_update,bid,,715368,16,,,"{""fill_assumption_profile"": ""base"", ""modeled_lots"": 16, ""observed_lots"": 16, ""overlap_netted_lots"": 0, ""overlap_window_seconds"": 0.125, ""queue_consumed_lots"": 0, ""unmatched_lots"": 16}"
1772633474.443,820,BTCUSDT,queue_consumption,depth_update,bid,,715378,66,,,"{""fill_assumption_profile"": ""base"", ""modeled_lots"": 66, ""observed_lots"": 66, ""overlap_netted_lots"": 0, ""overlap_window_seconds"": 0.125, ""queue_consumed_lots"": 0, ""unmatched_lots"": 66}"
1772633474.443,821,BTCUSDT,queue_consumption,depth_update,bid,,715407,6,,,"{""fill_assumption_profile"": ""base"", ""modeled_lots"": 6, ""observed_lots"": 6, ""overlap_netted_lots"": 0, ""overlap_window_seconds"": 0.125, ""queue_consumed_lots"": 0, ""unmatched_lots"": 6}"
1772633474.443,822,BTCUSDT,queue_consumption,depth_update,bid,,715408,447,,,"{""fill_assumption_profile"": ""base"", ""modeled_lots"": 447, ""observed_lots"": 447, ""overlap_netted_lots"": 0, ""overlap_window_seconds"": 0.125, ""queue_consumed_lots"": 0, ""unmatched_lots"": 447}"
1772633474.443,823,BTCUSDT,queue_consumption,depth_update,bid,,715439,69,,,"{""fill_assumption_profile"": ""base"", ""modeled_lots"": 69, ""observed_lots"": 69, ""overlap_netted_lots"": 0, ""overlap_window_seconds"": 0.125, ""queue_consumed_lots"": 0, ""unmatched_lots"": 69}"
1772633474.443,824,BTCUSDT,queue_consumption,depth_update,bid,,715467,4,,,"{""fill_assumption_profile"": ""base"", ""modeled_lots"": 4, ""observed_lots"": 4, ""overlap_netted_lots"": 0, ""overlap_window_seconds"": 0.125, ""queue_consumed_lots"": 0, ""unmatched_lots"": 4}"
1772633474.443,825,BTCUSDT,queue_consumption,depth_update,bid,,715477,217,,,"{""fill_assumption_profile"": ""base"", ""modeled_lots"": 217, ""observed_lots"": 217, ""overlap_netted_lots"": 0, ""overlap_window_seconds"": 0.125, ""queue_consumed_lots"": 0, ""unmatched_lots"": 217}"
1772633474.443,826,BTCUSDT,queue_consumption,depth_update,bid,,715478,79,,,"{""fill_assumption_profile"": ""base"", ""modeled_lots"": 79, ""observed_lots"": 79, ""overlap_netted_lots"": 0, ""overlap_window_seconds"": 0.125, ""queue_consumed_lots"": 0, ""unmatched_lots"": 79}"
1772633474.443,827,BTCUSDT,queue_consumption,depth_update,bid,,715517,173,,,"{""fill_assumption_profile"": ""base"", ""modeled_lots"": 173, ""observed_lots"": 173, ""overlap_netted_lots"": 0, ""overlap_window_seconds"": 0.125, ""queue_consumed_lots"": 0, ""unmatched_lots"": 173}"
1772633474.443,828,BTCUSDT,queue_consumption,depth_update,bid,,715523,6,,,"{""fill_assumption_profile"": ""base"", ""modeled_lots"": 6, ""observed_lots"": 6, ""overlap_netted_lots"": 0, ""overlap_window_seconds"": 0.125, ""queue_consumed_lots"": 0, ""unmatched_lots"": 6}"
1772633474.443,829,BTCUSDT,queue_consumption,depth_update,bid,,715570,69,,,"{""fill_assumption_profile"": ""base"", ""modeled_lots"": 69, ""observed_lots"": 69, ""overlap_netted_lots"": 0, ""overlap_window_seconds"": 0.125, ""queue_consumed_lots"": 0, ""unmatched_lots"": 69}"
1772633474.443,830,BTCUSDT,queue_consumption,depth_update,bid,,715575,32,,,"{""fill_assumption_profile"": ""base"", ""modeled_lots"": 32, ""observed_lots"": 32, ""overlap_netted_lots"": 0, ""overlap_window_seconds"": 0.125, ""queue_consumed_lots"": 0, ""unmatched_lots"": 32}"
1772633474.443,831,BTCUSDT,queue_consumption,depth_update,bid,,715588,4,,,"{""fill_assumption_profile"": ""base"", ""modeled_lots"": 4, ""observed_lots"": 4, ""overlap_netted_lots"": 0, ""overlap_window_seconds"": 0.125, ""queue_consumed_lots"": 0, ""unmatched_lots"": 4}"
1772633474.443,832,BTCUSDT,queue_consumption,depth_update,bid,,715589,4,,,"{""fill_assumption_profile"": ""base"", ""modeled_lots"": 4, ""observed_lots"": 4, ""overlap_netted_lots"": 0, ""overlap_window_seconds"": 0.125, ""queue_consumed_lots"": 0, ""unmatched_lots"": 4}"
1772633474.443,833,BTCUSDT,queue_consumption,depth_update,bid,,715593,626,,,"{""fill_assumption_profile"": ""base"", ""modeled_lots"": 626, ""observed_lots"": 626, ""overlap_netted_lots"": 0, ""overlap_window_seconds"": 0.125, ""queue_consumed_lots"": 0, ""unmatched_lots"": 626}"
1772633474.443,834,BTCUSDT,queue_consumption,depth_update,bid,,715602,6,,,"{""fill_assumption_profile"": ""base"", ""modeled_lots"": 6, ""observed_lots"": 6, ""overlap_netted_lots"": 0, ""overlap_window_seconds"": 0.125, ""queue_consumed_lots"": 0, ""unmatched_lots"": 6}"
1772633474.443,835,BTCUSDT,queue_consumption,depth_update,bid,,715607,4,,,"{""fill_assumption_profile"": ""base"", ""modeled_lots"": 4, ""observed_lots"": 4, ""overlap_netted_lots"": 0, ""overlap_window_seconds"": 0.125, ""queue_consumed_lots"": 0, ""unmatched_lots"": 4}"
1772633474.443,836,BTCUSDT,queue_consumption,depth_update,bid,,715609,44,,,"{""fill_assumption_profile"": ""base"", ""modeled_lots"": 44, ""observed_lots"": 44, ""overlap_netted_lots"": 0, ""overlap_window_seconds"": 0.125, ""queue_consumed_lots"": 0, ""unmatched_lots"": 44}"
1772633474.443,837,BTCUSDT,queue_consumption,depth_update,bid,,715610,44,,,"{""fill_assumption_profile"": ""base"", ""modeled_lots"": 44, ""observed_lots"": 44, ""overlap_netted_lots"": 0, ""overlap_window_seconds"": 0.125, ""queue_consumed_lots"": 0, ""unmatched_lots"": 44}"
1772633474.443,838,BTCUSDT,queue_consumption,depth_update,bid,,715620,6,,,"{""fill_assumption_profile"": ""base"", ""modeled_lots"": 6, ""observed_lots"": 6, ""overlap_netted_lots"": 0, ""overlap_window_seconds"": 0.125, ""queue_consumed_lots"": 0, ""unmatched_lots"": 6}"
1772633474.443,839,BTCUSDT,queue_consumption,depth_update,bid,,715621,51,,,"{""fill_assumption_profile"": ""base"", ""modeled_lots"": 51, ""observed_lots"": 51, ""overlap_netted_lots"": 0, ""overlap_window_seconds"": 0.125, ""queue_consumed_lots"": 0, ""unmatched_lots"": 51}"
1772633474.443,840,BTCUSDT,queue_consumption,depth_update,bid,,715631,503,,,"{""fill_assumption_profile"": ""base"", ""modeled_lots"": 503, ""observed_lots"": 503, ""overlap_netted_lots"": 0, ""overlap_window_seconds"": 0.125, ""queue_consumed_lots"": 0, ""unmatched_lots"": 503}"
1772633474.443,841,BTCUSDT,queue_consumption,depth_update,bid,,715694,2,,,"{""fill_assumption_profile"": ""base"", ""modeled_lots"": 2, ""observed_lots"": 2, ""overlap_netted_lots"": 0, ""overlap_window_seconds"": 0.125, ""queue_consumed_lots"": 0, ""unmatched_lots"": 2}"
1772633474.443,842,BTCUSDT,queue_consumption,depth_update,bid,,715701,4,,,"{""fill_assumption_profile"": ""base"", ""modeled_lots"": 4, ""observed_lots"": 4, ""overlap_netted_lots"": 0, ""overlap_window_seconds"": 0.125, ""queue_consumed_lots"": 0, ""unmatched_lots"": 4}"
1772633474.443,843,BTCUSDT,queue_consumption,depth_update,bid,,715728,644,,,"{""fill_assumption_profile"": ""base"", ""modeled_lots"": 644, ""observed_lots"": 644, ""overlap_netted_lots"": 0, ""overlap_window_seconds"": 0.125, ""queue_consumed_lots"": 0, ""unmatched_lots"": 644}"
1772633474.443,844,BTCUSDT,queue_consumption,depth_update,bid,,715752,112,,,"{""fill_assumption_profile"": ""base"", ""modeled_lots"": 112, ""observed_lots"": 112, ""overlap_netted_lots"": 0, ""overlap_window_seconds"": 0.125, ""queue_consumed_lots"": 0, ""unmatched_lots"": 112}"
1772633474.443,845,BTCUSDT,queue_consumption,depth_update,bid,,715757,839,,,"{""fill_assumption_profile"": ""base"", ""modeled_lots"": 839, ""observed_lots"": 839, ""overlap_netted_lots"": 0, ""overlap_window_seconds"": 0.125, ""queue_consumed_lots"": 0, ""unmatched_lots"": 839}"
1772633474.443,846,BTCUSDT,queue_consumption,depth_update,bid,,715767,141,,,"{""fill_assumption_profile"": ""base"", ""modeled_lots"": 141, ""observed_lots"": 141, ""overlap_netted_lots"": 0, ""overlap_window_seconds"": 0.125, ""queue_consumed_lots"": 0, ""unmatched_lots"": 141}"
1772633474.443,847,BTCUSDT,queue_consumption,depth_update,bid,,715771,31,,,"{""fill_assumption_profile"": ""base"", ""modeled_lots"": 31, ""observed_lots"": 31, ""overlap_netted_lots"": 0, ""overlap_window_seconds"": 0.125, ""queue_consumed_lots"": 0, ""unmatched_lots"": 31}"
1772633474.443,848,BTCUSDT,queue_consumption,depth_update,bid,,715779,15,,,"{""fill_assumption_profile"": ""base"", ""modeled_lots"": 15, ""observed_lots"": 15, ""overlap_netted_lots"": 0, ""overlap_window_seconds"": 0.125, ""queue_consumed_lots"": 0, ""unmatched_lots"": 15}"
1772633474.443,849,BTCUSDT,queue_consumption,depth_update,bid,,715819,14,,,"{""fill_assumption_profile"": ""base"", ""modeled_lots"": 14, ""observed_lots"": 14, ""overlap_netted_lots"": 0, ""overlap_window_seconds"": 0.125, ""queue_consumed_lots"": 0, ""unmatched_lots"": 14}"
1772633474.443,850,BTCUSDT,queue_consumption,depth_update,bid,,715865,384,,,"{""fill_assumption_profile"": ""base"", ""modeled_lots"": 384, ""observed_lots"": 384, ""overlap_netted_lots"": 0, ""overlap_window_seconds"": 0.125, ""queue_consumed_lots"": 0, ""unmatched_lots"": 384}"
1772633474.443,851,BTCUSDT,queue_consumption,depth_update,ask,,715866,148,,,"{""fill_assumption_profile"": ""base"", ""modeled_lots"": 148, ""observed_lots"": 148, ""overlap_netted_lots"": 0, ""overlap_window_seconds"": 0.125, ""queue_consumed_lots"": 0, ""unmatched_lots"": 148}"
1772633474.443,852,BTCUSDT,queue_consumption,depth_update,ask,,715867,883,,,"{""fill_assumption_profile"": ""base"", ""modeled_lots"": 883, ""observed_lots"": 883, ""overlap_netted_lots"": 0, ""overlap_window_seconds"": 0.125, ""queue_consumed_lots"": 0, ""unmatched_lots"": 883}"
1772633474.443,853,BTCUSDT,queue_consumption,depth_update,ask,,715868,1,,,"{""fill_assumption_profile"": ""base"", ""modeled_lots"": 1, ""observed_lots"": 1, ""overlap_netted_lots"": 0, ""overlap_window_seconds"": 0.125, ""queue_consumed_lots"": 0, ""unmatched_lots"": 1}"
1772633474.443,854,BTCUSDT,queue_consumption,depth_update,ask,,715872,1,,,"{""fill_assumption_profile"": ""base"", ""modeled_lots"": 1, ""observed_lots"": 1, ""overlap_netted_lots"": 0, ""overlap_window_seconds"": 0.125, ""queue_consumed_lots"": 0, ""unmatched_lots"": 1}"
1772633474.443,855,BTCUSDT,queue_consumption,depth_update,ask,,715875,21,,,"{""fill_assumption_profile"": ""base"", ""modeled_lots"": 21, ""observed_lots"": 21, ""overlap_netted_lots"": 0, ""overlap_window_seconds"": 0.125, ""queue_consumed_lots"": 0, ""unmatched_lots"": 21}"
1772633474.443,856,BTCUSDT,queue_consumption,depth_update,ask,,715876,1,,,"{""fill_assumption_profile"": ""base"", ""modeled_lots"": 1, ""observed_lots"": 1, ""overlap_netted_lots"": 0, ""overlap_window_seconds"": 0.125, ""queue_consumed_lots"": 0, ""unmatched_lots"": 1}"
1772633474.443,857,BTCUSDT,queue_consumption,depth_update,ask,,715887,2,,,"{""fill_assumption_profile"": ""base"", ""modeled_lots"": 2, ""observed_lots"": 2, ""overlap_netted_lots"": 0, ""overlap_window_seconds"": 0.125, ""queue_consumed_lots"": 0, ""unmatched_lots"": 2}"
1772633474.443,858,BTCUSDT,queue_consumption,depth_update,ask,,715891,2,,,"{""fill_assumption_profile"": ""base"", ""modeled_lots"": 2, ""observed_lots"": 2, ""overlap_netted_lots"": 0, ""overlap_window_seconds"": 0.125, ""queue_consumed_lots"": 0, ""unmatched_lots"": 2}"
1772633474.443,859,BTCUSDT,queue_consumption,depth_update,ask,,715917,17,,,"{""fill_assumption_profile"": ""base"", ""modeled_lots"": 17, ""observed_lots"": 17, ""overlap_netted_lots"": 0, ""overlap_window_seconds"": 0.125, ""queue_consumed_lots"": 0, ""unmatched_lots"": 17}"
1772633474.443,860,BTCUSDT,queue_consumption,depth_update,ask,,715922,17,,,"{""fill_assumption_profile"": ""base"", ""modeled_lots"": 17, ""observed_lots"": 17, ""overlap_netted_lots"": 0, ""overlap_window_seconds"": 0.125, ""queue_consumed_lots"": 0, ""unmatched_lots"": 17}"
1772633474.443,861,BTCUSDT,queue_consumption,depth_update,ask,,715930,1003,,,"{""fill_assumption_profile"": ""base"", ""modeled_lots"": 1003, ""observed_lots"": 1003, ""overlap_netted_lots"": 0, ""overlap_window_seconds"": 0.125, ""queue_consumed_lots"": 0, ""unmatched_lots"": 1003}"
1772633474.443,862,BTCUSDT,queue_consumption,depth_update,ask,,715953,13,,,"{""fill_assumption_profile"": ""base"", ""modeled_lots"": 13, ""observed_lots"": 13, ""overlap_netted_lots"": 0, ""overlap_window_seconds"": 0.125, ""queue_consumed_lots"": 0, ""unmatched_lots"": 13}"
1772633474.443,863,BTCUSDT,queue_consumption,depth_update,ask,,715960,3,,,"{""fill_assumption_profile"": ""base"", ""modeled_lots"": 3, ""observed_lots"": 3, ""overlap_netted_lots"": 0, ""overlap_window_seconds"": 0.125, ""queue_consumed_lots"": 0, ""unmatched_lots"": 3}"
1772633474.443,864,BTCUSDT,queue_consumption,depth_update,ask,,715963,186,,,"{""fill_assumption_profile"": ""base"", ""modeled_lots"": 186, ""observed_lots"": 186, ""overlap_netted_lots"": 0, ""overlap_window_seconds"": 0.125, ""queue_consumed_lots"": 0, ""unmatched_lots"": 186}"
1772633474.443,865,BTCUSDT,queue_consumption,depth_update,ask,,715985,11,,,"{""fill_assumption_profile"": ""base"", ""modeled_lots"": 11, ""observed_lots"": 11, ""overlap_netted_lots"": 0, ""overlap_window_seconds"": 0.125, ""queue_consumed_lots"": 0, ""unmatched_lots"": 11}"
1772633474.443,866,BTCUSDT,queue_consumption,depth_update,ask,,715987,2,,,"{""fill_assumption_profile"": ""base"", ""modeled_lots"": 2, ""observed_lots"": 2, ""overlap_netted_lots"": 0, ""overlap_window_seconds"": 0.125, ""queue_consumed_lots"": 0, ""unmatched_lots"": 2}"
1772633474.443,867,BTCUSDT,queue_consumption,depth_update,ask,,715989,628,,,"{""fill_assumption_profile"": ""base"", ""modeled_lots"": 628, ""observed_lots"": 628, ""overlap_netted_lots"": 0, ""overlap_window_seconds"": 0.125, ""queue_consumed_lots"": 0, ""unmatched_lots"": 628}"
1772633474.443,868,BTCUSDT,queue_consumption,depth_update,ask,,715990,26,,,"{""fill_assumption_profile"": ""base"", ""modeled_lots"": 26, ""observed_lots"": 26, ""overlap_netted_lots"": 0, ""overlap_window_seconds"": 0.125, ""queue_consumed_lots"": 0, ""unmatched_lots"": 26}"
1772633474.443,869,BTCUSDT,queue_consumption,depth_update,ask,,715995,56,,,"{""fill_assumption_profile"": ""base"", ""modeled_lots"": 56, ""observed_lots"": 56, ""overlap_netted_lots"": 0, ""overlap_window_seconds"": 0.125, ""queue_consumed_lots"": 0, ""unmatched_lots"": 56}"
1772633474.443,870,BTCUSDT,queue_consumption,depth_update,ask,,715997,839,,,"{""fill_assumption_profile"": ""base"", ""modeled_lots"": 839, ""observed_lots"": 839, ""overlap_netted_lots"": 0, ""overlap_window_seconds"": 0.125, ""queue_consumed_lots"": 0, ""unmatched_lots"": 839}"
1772633474.443,871,BTCUSDT,queue_consumption,depth_update,ask,,715998,480,,,"{""fill_assumption_profile"": ""base"", ""modeled_lots"": 480, ""observed_lots"": 480, ""overlap_netted_lots"": 0, ""overlap_window_seconds"": 0.125, ""queue_consumed_lots"": 0, ""unmatched_lots"": 480}"
1772633474.443,872,BTCUSDT,queue_consumption,depth_update,ask,,716013,14,,,"{""fill_assumption_profile"": ""base"", ""modeled_lots"": 14, ""observed_lots"": 14, ""overlap_netted_lots"": 0, ""overlap_window_seconds"": 0.125, ""queue_consumed_lots"": 0, ""unmatched_lots"": 14}"
1772633474.443,873,BTCUSDT,queue_consumption,depth_update,ask,,716043,9,,,"{""fill_assumption_profile"": ""base"", ""modeled_lots"": 9, ""observed_lots"": 9, ""overlap_netted_lots"": 0, ""overlap_window_seconds"": 0.125, ""queue_consumed_lots"": 0, ""unmatched_lots"": 9}"
1772633474.443,874,BTCUSDT,queue_consumption,depth_update,ask,,716070,2,,,"{""fill_assumption_profile"": ""base"", ""modeled_lots"": 2, ""observed_lots"": 2, ""overlap_netted_lots"": 0, ""overlap_window_seconds"": 0.125, ""queue_consumed_lots"": 0, ""unmatched_lots"": 2}"
1772633474.443,875,BTCUSDT,queue_consumption,depth_update,ask,,716087,139,,,"{""fill_assumption_profile"": ""base"", ""modeled_lots"": 139, ""observed_lots"": 139, ""overlap_netted_lots"": 0, ""overlap_window_seconds"": 0.125, ""queue_consumed_lots"": 0, ""unmatched_lots"": 139}"
1772633474.443,876,BTCUSDT,queue_consumption,depth_update,ask,,716096,13,,,"{""fill_assumption_profile"": ""base"", ""modeled_lots"": 13, ""observed_lots"": 13, ""overlap_netted_lots"": 0, ""overlap_window_seconds"": 0.125, ""queue_consumed_lots"": 0, ""unmatched_lots"": 13}"
1772633474.443,877,BTCUSDT,queue_consumption,depth_update,ask,,716126,314,,,"{""fill_assumption_profile"": ""base"", ""modeled_lots"": 314, ""observed_lots"": 314, ""overlap_netted_lots"": 0, ""overlap_window_seconds"": 0.125, ""queue_consumed_lots"": 0, ""unmatched_lots"": 314}"
1772633474.443,878,BTCUSDT,queue_consumption,depth_update,ask,,716132,69,,,"{""fill_assumption_profile"": ""base"", ""modeled_lots"": 69, ""observed_lots"": 69, ""overlap_netted_lots"": 0, ""overlap_window_seconds"": 0.125, ""queue_consumed_lots"": 0, ""unmatched_lots"": 69}"
1772633474.443,879,BTCUSDT,queue_consumption,depth_update,ask,,716143,502,,,"{""fill_assumption_profile"": ""base"", ""modeled_lots"": 502, ""observed_lots"": 502, ""overlap_netted_lots"": 0, ""overlap_window_seconds"": 0.125, ""queue_consumed_lots"": 0, ""unmatched_lots"": 502}"
1772633474.443,880,BTCUSDT,queue_consumption,depth_update,ask,,716145,69,,,"{""fill_assumption_profile"": ""base"", ""modeled_lots"": 69, ""observed_lots"": 69, ""overlap_netted_lots"": 0, ""overlap_window_seconds"": 0.125, ""queue_consumed_lots"": 0, ""unmatched_lots"": 69}"
1772633474.443,881,BTCUSDT,queue_consumption,depth_update,ask,,716153,36,,,"{""fill_assumption_profile"": ""base"", ""modeled_lots"": 36, ""observed_lots"": 36, ""overlap_netted_lots"": 0, ""overlap_window_seconds"": 0.125, ""queue_consumed_lots"": 0, ""unmatched_lots"": 36}"
1772633474.443,882,BTCUSDT,queue_consumption,depth_update,ask,,716157,25,,,"{""fill_assumption_profile"": ""base"", ""modeled_lots"": 25, ""observed_lots"": 25, ""overlap_netted_lots"": 0, ""overlap_window_seconds"": 0.125, ""queue_consumed_lots"": 0, ""unmatched_lots"": 25}"
1772633474.443,883,BTCUSDT,queue_consumption,depth_update,ask,,716161,36,,,"{""fill_assumption_profile"": ""base"", ""modeled_lots"": 36, ""observed_lots"": 36, ""overlap_netted_lots"": 0, ""overlap_window_seconds"": 0.125, ""queue_consumed_lots"": 0, ""unmatched_lots"": 36}"
1772633474.443,884,BTCUSDT,queue_consumption,depth_update,ask,,716162,47,,,"{""fill_assumption_profile"": ""base"", ""modeled_lots"": 47, ""observed_lots"": 47, ""overlap_netted_lots"": 0, ""overlap_window_seconds"": 0.125, ""queue_consumed_lots"": 0, ""unmatched_lots"": 47}"
1772633474.443,885,BTCUSDT,queue_consumption,depth_update,ask,,716164,36,,,"{""fill_assumption_profile"": ""base"", ""modeled_lots"": 36, ""observed_lots"": 36, ""overlap_netted_lots"": 0, ""overlap_window_seconds"": 0.125, ""queue_consumed_lots"": 0, ""unmatched_lots"": 36}"
1772633474.443,886,BTCUSDT,queue_consumption,depth_update,ask,,716165,25,,,"{""fill_assumption_profile"": ""base"", ""modeled_lots"": 25, ""observed_lots"": 25, ""overlap_netted_lots"": 0, ""overlap_window_seconds"": 0.125, ""queue_consumed_lots"": 0, ""unmatched_lots"": 25}"
1772633474.443,887,BTCUSDT,queue_consumption,depth_update,ask,,716185,36,,,"{""fill_assumption_profile"": ""base"", ""modeled_lots"": 36, ""observed_lots"": 36, ""overlap_netted_lots"": 0, ""overlap_window_seconds"": 0.125, ""queue_consumed_lots"": 0, ""unmatched_lots"": 36}"
1772633474.443,888,BTCUSDT,queue_consumption,depth_update,ask,,716187,6,,,"{""fill_assumption_profile"": ""base"", ""modeled_lots"": 6, ""observed_lots"": 6, ""overlap_netted_lots"": 0, ""overlap_window_seconds"": 0.125, ""queue_consumed_lots"": 0, ""unmatched_lots"": 6}"
1772633474.443,889,BTCUSDT,queue_consumption,depth_update,ask,,716192,42,,,"{""fill_assumption_profile"": ""base"", ""modeled_lots"": 42, ""observed_lots"": 42, ""overlap_netted_lots"": 0, ""overlap_window_seconds"": 0.125, ""queue_consumed_lots"": 0, ""unmatched_lots"": 42}"
1772633474.443,890,BTCUSDT,queue_consumption,depth_update,ask,,716234,320,,,"{""fill_assumption_profile"": ""base"", ""modeled_lots"": 320, ""observed_lots"": 320, ""overlap_netted_lots"": 0, ""overlap_window_seconds"": 0.125, ""queue_consumed_lots"": 0, ""unmatched_lots"": 320}"
1772633474.443,891,BTCUSDT,queue_consumption,depth_update,ask,,716249,25,,,"{""fill_assumption_profile"": ""base"", ""modeled_lots"": 25, ""observed_lots"": 25, ""overlap_netted_lots"": 0, ""overlap_window_seconds"": 0.125, ""queue_consumed_lots"": 0, ""unmatched_lots"": 25}"
1772633474.443,892,BTCUSDT,queue_consumption,depth_update,ask,,716278,50,,,"{""fill_assumption_profile"": ""base"", ""modeled_lots"": 50, ""observed_lots"": 50, ""overlap_netted_lots"": 0, ""overlap_window_seconds"": 0.125, ""queue_consumed_lots"": 0, ""unmatched_lots"": 50}"
1772633474.443,893,BTCUSDT,queue_consumption,depth_update,ask,,716291,6,,,"{""fill_assumption_profile"": ""base"", ""modeled_lots"": 6, ""observed_lots"": 6, ""overlap_netted_lots"": 0, ""overlap_window_seconds"": 0.125, ""queue_consumed_lots"": 0, ""unmatched_lots"": 6}"
1772633474.443,894,BTCUSDT,queue_consumption,depth_update,ask,,716297,143,,,"{""fill_assumption_profile"": ""base"", ""modeled_lots"": 143, ""observed_lots"": 143, ""overlap_netted_lots"": 0, ""overlap_window_seconds"": 0.125, ""queue_consumed_lots"": 0, ""unmatched_lots"": 143}"
1772633474.443,895,BTCUSDT,queue_consumption,depth_update,ask,,716312,69,,,"{""fill_assumption_profile"": ""base"", ""modeled_lots"": 69, ""observed_lots"": 69, ""overlap_netted_lots"": 0, ""overlap_window_seconds"": 0.125, ""queue_consumed_lots"": 0, ""unmatched_lots"": 69}"
1772633474.443,896,BTCUSDT,queue_consumption,depth_update,ask,,716355,164,,,"{""fill_assumption_profile"": ""base"", ""modeled_lots"": 164, ""observed_lots"": 164, ""overlap_netted_lots"": 0, ""overlap_window_seconds"": 0.125, ""queue_consumed_lots"": 0, ""unmatched_lots"": 164}"
1772633474.443,897,BTCUSDT,queue_consumption,depth_update,ask,,716361,6,,,"{""fill_assumption_profile"": ""base"", ""modeled_lots"": 6, ""observed_lots"": 6, ""overlap_netted_lots"": 0, ""overlap_window_seconds"": 0.125, ""queue_consumed_lots"": 0, ""unmatched_lots"": 6}"
1772633474.443,898,BTCUSDT,queue_consumption,depth_update,ask,,716378,12,,,"{""fill_assumption_profile"": ""base"", ""modeled_lots"": 12, ""observed_lots"": 12, ""overlap_netted_lots"": 0, ""overlap_window_seconds"": 0.125, ""queue_consumed_lots"": 0, ""unmatched_lots"": 12}"
1772633474.443,899,BTCUSDT,queue_consumption,depth_update,ask,,716393,3,,,"{""fill_assumption_profile"": ""base"", ""modeled_lots"": 3, ""observed_lots"": 3, ""overlap_netted_lots"": 0, ""overlap_window_seconds"": 0.125, ""queue_consumed_lots"": 0, ""unmatched_lots"": 3}"
1772633474.443,900,BTCUSDT,queue_consumption,depth_update,ask,,716400,1,,,"{""fill_assumption_profile"": ""base"", ""modeled_lots"": 1, ""observed_lots"": 1, ""overlap_netted_lots"": 0, ""overlap_window_seconds"": 0.125, ""queue_consumed_lots"": 0, ""unmatched_lots"": 1}"
1772633474.443,901,BTCUSDT,queue_consumption,depth_update,ask,,716404,348,,,"{""fill_assumption_profile"": ""base"", ""modeled_lots"": 348, ""observed_lots"": 348, ""overlap_netted_lots"": 0, ""overlap_window_seconds"": 0.125, ""queue_consumed_lots"": 0, ""unmatched_lots"": 348}"
1772633474.443,902,BTCUSDT,queue_consumption,depth_update,ask,,716407,23,,,"{""fill_assumption_profile"": ""base"", ""modeled_lots"": 23, ""observed_lots"": 23, ""overlap_netted_lots"": 0, ""overlap_window_seconds"": 0.125, ""queue_consumed_lots"": 0, ""unmatched_lots"": 23}"
1772633474.443,903,BTCUSDT,queue_consumption,depth_update,ask,,716414,3,,,"{""fill_assumption_profile"": ""base"", ""modeled_lots"": 3, ""observed_lots"": 3, ""overlap_netted_lots"": 0, ""overlap_window_seconds"": 0.125, ""queue_consumed_lots"": 0, ""unmatched_lots"": 3}"
1772633474.443,904,BTCUSDT,queue_consumption,depth_update,ask,,716434,4,,,"{""fill_assumption_profile"": ""base"", ""modeled_lots"": 4, ""observed_lots"": 4, ""overlap_netted_lots"": 0, ""overlap_window_seconds"": 0.125, ""queue_consumed_lots"": 0, ""unmatched_lots"": 4}"
1772633474.443,905,BTCUSDT,queue_consumption,depth_update,ask,,716453,2,,,"{""fill_assumption_profile"": ""base"", ""modeled_lots"": 2, ""observed_lots"": 2, ""overlap_netted_lots"": 0, ""overlap_window_seconds"": 0.125, ""queue_consumed_lots"": 0, ""unmatched_lots"": 2}"
1772633474.443,906,BTCUSDT,queue_consumption,depth_update,ask,,716481,58,,,"{""fill_assumption_profile"": ""base"", ""modeled_lots"": 58, ""observed_lots"": 58, ""overlap_netted_lots"": 0, ""overlap_window_seconds"": 0.125, ""queue_consumed_lots"": 0, ""unmatched_lots"": 58}"
1772633474.443,907,BTCUSDT,queue_consumption,depth_update,ask,,716532,6,,,"{""fill_assumption_profile"": ""base"", ""modeled_lots"": 6, ""observed_lots"": 6, ""overlap_netted_lots"": 0, ""overlap_window_seconds"": 0.125, ""queue_consumed_lots"": 0, ""unmatched_lots"": 6}"
1772633474.443,908,BTCUSDT,queue_consumption,depth_update,ask,,716624,177,,,"{""fill_assumption_profile"": ""base"", ""modeled_lots"": 177, ""observed_lots"": 177, ""overlap_netted_lots"": 0, ""overlap_window_seconds"": 0.125, ""queue_consumed_lots"": 0, ""unmatched_lots"": 177}"
1772633474.443,909,BTCUSDT,queue_consumption,depth_update,ask,,716709,12,,,"{""fill_assumption_profile"": ""base"", ""modeled_lots"": 12, ""observed_lots"": 12, ""overlap_netted_lots"": 0, ""overlap_window_seconds"": 0.125, ""queue_consumed_lots"": 0, ""unmatched_lots"": 12}"
1772633474.443,910,BTCUSDT,queue_consumption,depth_update,ask,,716727,218,,,"{""fill_assumption_profile"": ""base"", ""modeled_lots"": 218, ""observed_lots"": 218, ""overlap_netted_lots"": 0, ""overlap_window_seconds"": 0.125, ""queue_consumed_lots"": 0, ""unmatched_lots"": 218}"
1772633474.443,911,BTCUSDT,queue_consumption,depth_update,ask,,716809,2,,,"{""fill_assumption_profile"": ""base"", ""modeled_lots"": 2, ""observed_lots"": 2, ""overlap_netted_lots"": 0, ""overlap_window_seconds"": 0.125, ""queue_consumed_lots"": 0, ""unmatched_lots"": 2}"
1772633474.443,912,BTCUSDT,queue_consumption,depth_update,ask,,723025,6,,,"{""fill_assumption_profile"": ""base"", ""modeled_lots"": 6, ""observed_lots"": 6, ""overlap_netted_lots"": 0, ""overlap_window_seconds"": 0.125, ""queue_consumed_lots"": 0, ""unmatched_lots"": 6}"
1772633474.516,913,BTCUSDT,market_record,aggTrade,,,,,,,"{""buyer_is_maker"": false, ""price"": ""71586.60"", ""qty"": ""0.020"", ""record_type"": ""aggTrade""}"
1772633474.516,914,BTCUSDT,queue_consumption,agg_trade,ask,,715866,20,,,"{""fill_assumption_profile"": ""base"", ""modeled_lots"": 20, ""observed_lots"": 20, ""overlap_netted_lots"": 0, ""overlap_window_seconds"": 0.125, ""queue_consumed_lots"": 20, ""unmatched_lots"": 0}"
1772633474.538,915,BTCUSDT,market_record,aggTrade,,,,,,,"{""buyer_is_maker"": true, ""price"": ""71586.50"", ""qty"": ""0.139"", ""record_type"": ""aggTrade""}"
1772633474.538,916,BTCUSDT,queue_consumption,agg_trade,bid,,715865,139,,,"{""fill_assumption_profile"": ""base"", ""modeled_lots"": 139, ""observed_lots"": 139, ""overlap_netted_lots"": 0, ""overlap_window_seconds"": 0.125, ""queue_consumed_lots"": 139, ""unmatched_lots"": 0}"
1772633474.545,917,BTCUSDT,market_record,depthUpdate,,,,,,,"{""ask_updates"": 107, ""bid_updates"": 110, ""final_update_id"": 10038350926821, ""first_update_id"": 10038350920880, ""prev_update_id"": 10038350920857, ""record_type"": ""depthUpdate""}"
1772633474.545,918,BTCUSDT,queue_consumption,depth_update,bid,,211997,81,,,"{""fill_assumption_profile"": ""base"", ""modeled_lots"": 81, ""observed_lots"": 81, ""overlap_netted_lots"": 0, ""overlap_window_seconds"": 0.125, ""queue_consumed_lots"": 0, ""unmatched_lots"": 81}"
1772633474.545,919,BTCUSDT,queue_consumption,depth_update,bid,,213997,81,,,"{""fill_assumption_profile"": ""base"", ""modeled_lots"": 81, ""observed_lots"": 81, ""overlap_netted_lots"": 0, ""overlap_window_seconds"": 0.125, ""queue_consumed_lots"": 0, ""unmatched_lots"": 81}"
1772633474.545,920,BTCUSDT,queue_consumption,depth_update,bid,,214997,72,,,"{""fill_assumption_profile"": ""base"", ""modeled_lots"": 72, ""observed_lots"": 72, ""overlap_netted_lots"": 0, ""overlap_window_seconds"": 0.125, ""queue_consumed_lots"": 0, ""unmatched_lots"": 72}"
1772633474.545,921,BTCUSDT,queue_consumption,depth_update,bid,,330000,4,,,"{""fill_assumption_profile"": ""base"", ""modeled_lots"": 4, ""observed_lots"": 4, ""overlap_netted_lots"": 0, ""overlap_window_seconds"": 0.125, ""queue_consumed_lots"": 0, ""unmatched_lots"": 4}"
1772633474.545,922,BTCUSDT,queue_consumption,depth_update,bid,,411997,30,,,"{""fill_assumption_profile"": ""base"", ""modeled_lots"": 30, ""observed_lots"": 30, ""overlap_netted_lots"": 0, ""overlap_window_seconds"": 0.125, ""queue_consumed_lots"": 0, ""unmatched_lots"": 30}"
1772633474.545,923,BTCUSDT,queue_consumption,depth_update,bid,,414997,60,,,"{""fill_assumption_profile"": ""base"", ""modeled_lots"": 60, ""observed_lots"": 60, ""overlap_netted_lots"": 0, ""overlap_window_seconds"": 0.125, ""queue_consumed_lots"": 0, ""unmatched_lots"": 60}"
1772633474.545,924,BTCUSDT,queue_consumption,depth_update,bid,,712418,5,,,"{""fill_assumption_profile"": ""base"", ""modeled_lots"": 5, ""observed_lots"": 5, ""overlap_netted_lots"": 0, ""overlap_window_seconds"": 0.125, ""queue_consumed_lots"": 0, ""unmatched_lots"": 5}"
1772633474.545,925,BTCUSDT,queue_consumption,depth_update,bid,,712709,97,,,"{""fill_assumption_profile"": ""base"", ""modeled_lots"": 97, ""observed_lots"": 97, ""overlap_netted_lots"": 0, ""overlap_window_seconds"": 0.125, ""queue_consumed_lots"": 0, ""unmatched_lots"": 97}"
1772633474.545,926,BTCUSDT,queue_consumption,depth_update,bid,,713060,194,,,"{""fill_assumption_profile"": ""base"", ""modeled_lots"": 194, ""observed_lots"": 194, ""overlap_netted_lots"": 0, ""overlap_window_seconds"": 0.125, ""queue_consumed_lots"": 0, ""unmatched_lots"": 194}"
1772633474.545,927,BTCUSDT,queue_consumption,depth_update,bid,,713063,166,,,"{""fill_assumption_profile"": ""base"", ""modeled_lots"": 166, ""observed_lots"": 166, ""overlap_netted_lots"": 0, ""overlap_window_seconds"": 0.125, ""queue_consumed_lots"": 0, ""unmatched_lots"": 166}"
1772633474.545,928,BTCUSDT,queue_consumption,depth_update,bid,,713079,75,,,"{""fill_assumption_profile"": ""base"", ""modeled_lots"": 75, ""observed_lots"": 75, ""overlap_netted_lots"": 0, ""overlap_window_seconds"": 0.125, ""queue_consumed_lots"": 0, ""unmatched_lots"": 75}"
1772633474.545,929,BTCUSDT,queue_consumption,depth_update,bid,,714488,707,,,"{""fill_assumption_profile"": ""base"", ""modeled_lots"": 707, ""observed_lots"": 707, ""overlap_netted_lots"": 0, ""overlap_window_seconds"": 0.125, ""queue_consumed_lots"": 0, ""unmatched_lots"": 707}"
1772633474.545,930,BTCUSDT,queue_consumption,depth_update,bid,,714535,760,,,"{""fill_assumption_profile"": ""base"", ""modeled_lots"": 760, ""observed_lots"": 760, ""overlap_netted_lots"": 0, ""overlap_window_seconds"": 0.125, ""queue_consumed_lots"": 0, ""unmatched_lots"": 760}"
1772633474.545,931,BTCUSDT,queue_consumption,depth_update,bid,,715156,6,,,"{""fill_assumption_profile"": ""base"", ""modeled_lots"": 6, ""observed_lots"": 6, ""overlap_netted_lots"": 0, ""overlap_window_seconds"": 0.125, ""queue_consumed_lots"": 0, ""unmatched_lots"": 6}"
1772633474.545,932,BTCUSDT,queue_consumption,depth_update,bid,,715347,2,,,"{""fill_assumption_profile"": ""base"", ""modeled_lots"": 2, ""observed_lots"": 2, ""overlap_netted_lots"": 0, ""overlap_window_seconds"": 0.125, ""queue_consumed_lots"": 0, ""unmatched_lots"": 2}"
1772633474.545,933,BTCUSDT,queue_consumption,depth_update,bid,,715352,112,,,"{""fill_assumption_profile"": ""base"", ""modeled_lots"": 112, ""observed_lots"": 112, ""overlap_netted_lots"": 0, ""overlap_window_seconds"": 0.125, ""queue_consumed_lots"": 0, ""unmatched_lots"": 112}"
1772633474.545,934,BTCUSDT,queue_consumption,depth_update,bid,,715424,349,,,"{""fill_assumption_profile"": ""base"", ""modeled_lots"": 349, ""observed_lots"": 349, ""overlap_netted_lots"": 0, ""overlap_window_seconds"": 0.125, ""queue_consumed_lots"": 0, ""unmatched_lots"": 349}"
1772633474.545,935,BTCUSDT,queue_consumption,depth_update,bid,,715451,20,,,"{""fill_assumption_profile"": ""base"", ""modeled_lots"": 20, ""observed_lots"": 20, ""overlap_netted_lots"": 0, ""overlap_window_seconds"": 0.125, ""queue_consumed_lots"": 0, ""unmatched_lots"": 20}"
1772633474.545,936,BTCUSDT,queue_consumption,depth_update,bid,,715478,111,,,"{""fill_assumption_profile"": ""base"", ""modeled_lots"": 111, ""observed_lots"": 111, ""overlap_netted_lots"": 0, ""overlap_window_seconds"": 0.125, ""queue_consumed_lots"": 0, ""unmatched_lots"": 111}"
1772633474.545,937,BTCUSDT,queue_consumption,depth_update,bid,,715496,79,,,"{""fill_assumption_profile"": ""base"", ""modeled_lots"": 79, ""observed_lots"": 79, ""overlap_netted_lots"": 0, ""overlap_window_seconds"": 0.125, ""queue_consumed_lots"": 0, ""unmatched_lots"": 79}"
1772633474.545,938,BTCUSDT,queue_consumption,depth_update,bid,,715572,1069,,,"{""fill_assumption_profile"": ""base"", ""modeled_lots"": 1069, ""observed_lots"": 1069, ""overlap_netted_lots"": 0, ""overlap_window_seconds"": 0.125, ""queue_consumed_lots"": 0, ""unmatched_lots"": 1069}"
1772633474.545,939,BTCUSDT,queue_consumption,depth_update,bid,,715588,40,,,"{""fill_assumption_profile"": ""base"", ""modeled_lots"": 40, ""observed_lots"": 40, ""overlap_netted_lots"": 0, ""overlap_window_seconds"": 0.125, ""queue_consumed_lots"": 0, ""unmatched_lots"": 40}"
1772633474.545,940,BTCUSDT,queue_consumption,depth_update,bid,,715589,349,,,"{""fill_assumption_profile"": ""base"", ""modeled_lots"": 349, ""observed_lots"": 349, ""overlap_netted_lots"": 0, ""overlap_window_seconds"": 0.125, ""queue_consumed_lots"": 0, ""unmatched_lots"": 349}"
1772633474.545,941,BTCUSDT,queue_consumption,depth_update,bid,,715634,2,,,"{""fill_assumption_profile"": ""base"", ""modeled_lots"": 2, ""observed_lots"": 2, ""overlap_netted_lots"": 0, ""overlap_window_seconds"": 0.125, ""queue_consumed_lots"": 0, ""unmatched_lots"": 2}"
1772633474.545,942,BTCUSDT,queue_consumption,depth_update,bid,,715645,3,,,"{""fill_assumption_profile"": ""base"", ""modeled_lots"": 3, ""observed_lots"": 3, ""overlap_netted_lots"": 0, ""overlap_window_seconds"": 0.125, ""queue_consumed_lots"": 0, ""unmatched_lots"": 3}"
1772633474.545,943,BTCUSDT,queue_consumption,depth_update,bid,,715673,231,,,"{""fill_assumption_profile"": ""base"", ""modeled_lots"": 231, ""observed_lots"": 231, ""overlap_netted_lots"": 0, ""overlap_window_seconds"": 0.125, ""queue_consumed_lots"": 0, ""unmatched_lots"": 231}"
1772633474.545,944,BTCUSDT,queue_consumption,depth_update,bid,,715675,2,,,"{""fill_assumption_profile"": ""base"", ""modeled_lots"": 2, ""observed_lots"": 2, ""overlap_netted_lots"": 0, ""overlap_window_seconds"": 0.125, ""queue_consumed_lots"": 0, ""unmatched_lots"": 2}"
1772633474.545,945,BTCUSDT,queue_consumption,depth_update,bid,,715690,35,,,"{""fill_assumption_profile"": ""base"", ""modeled_lots"": 35, ""observed_lots"": 35, ""overlap_netted_lots"": 0, ""overlap_window_seconds"": 0.125, ""queue_consumed_lots"": 0, ""unmatched_lots"": 35}"
1772633474.545,946,BTCUSDT,queue_consumption,depth_update,bid,,715711,29,,,"{""fill_assumption_profile"": ""base"", ""modeled_lots"": 29, ""observed_lots"": 29, ""overlap_netted_lots"": 0, ""overlap_window_seconds"": 0.125, ""queue_consumed_lots"": 0, ""unmatched_lots"": 29}"
1772633474.545,947,BTCUSDT,queue_consumption,depth_update,bid,,715722,83,,,"{""fill_assumption_profile"": ""base"", ""modeled_lots"": 83, ""observed_lots"": 83, ""overlap_netted_lots"": 0, ""overlap_window_seconds"": 0.125, ""queue_consumed_lots"": 0, ""unmatched_lots"": 83}"
1772633474.545,948,BTCUSDT,queue_consumption,depth_update,bid,,715754,27,,,"{""fill_assumption_profile"": ""base"", ""modeled_lots"": 27, ""observed_lots"": 27, ""overlap_netted_lots"": 0, ""overlap_window_seconds"": 0.125, ""queue_consumed_lots"": 0, ""unmatched_lots"": 27}"
1772633474.545,949,BTCUSDT,queue_consumption,depth_update,bid,,715778,2,,,"{""fill_assumption_profile"": ""base"", ""modeled_lots"": 2, ""observed_lots"": 2, ""overlap_netted_lots"": 0, ""overlap_window_seconds"": 0.125, ""queue_consumed_lots"": 0, ""unmatched_lots"": 2}"
1772633474.545,950,BTCUSDT,queue_consumption,depth_update,bid,,715782,667,,,"{""fill_assumption_profile"": ""base"", ""modeled_lots"": 667, ""observed_lots"": 667, ""overlap_netted_lots"": 0, ""overlap_window_seconds"": 0.125, ""queue_consumed_lots"": 0, ""unmatched_lots"": 667}"
1772633474.545,951,BTCUSDT,queue_consumption,depth_update,bid,,715783,373,,,"{""fill_assumption_profile"": ""base"", ""modeled_lots"": 373, ""observed_lots"": 373, ""overlap_netted_lots"": 0, ""overlap_window_seconds"": 0.125, ""queue_consumed_lots"": 0, ""unmatched_lots"": 373}"
1772633474.545,952,BTCUSDT,queue_consumption,depth_update,bid,,715865,85,,,"{""fill_assumption_profile"": ""base"", ""modeled_lots"": 0, ""observed_lots"": 85, ""overlap_netted_lots"": 85, ""overlap_window_seconds"": 0.125, ""queue_consumed_lots"": 0, ""unmatched_lots"": 0}"
1772633474.545,953,BTCUSDT,queue_consumption,depth_update,ask,,715866,171,,,"{""fill_assumption_profile"": ""base"", ""modeled_lots"": 151, ""observed_lots"": 171, ""overlap_netted_lots"": 20, ""overlap_window_seconds"": 0.125, ""queue_consumed_lots"": 0, ""unmatched_lots"": 151}"
1772633474.545,954,BTCUSDT,queue_consumption,depth_update,ask,,715901,1000,,,"{""fill_assumption_profile"": ""base"", ""modeled_lots"": 1000, ""observed_lots"": 1000, ""overlap_netted_lots"": 0, ""overlap_window_seconds"": 0.125, ""queue_consumed_lots"": 0, ""unmatched_lots"": 1000}"
1772633474.545,955,BTCUSDT,queue_consumption,depth_update,ask,,715997,2,,,"{""fill_assumption_profile"": ""base"", ""modeled_lots"": 2, ""observed_lots"": 2, ""overlap_netted_lots"": 0, ""overlap_window_seconds"": 0.125, ""queue_consumed_lots"": 0, ""unmatched_lots"": 2}"
1772633474.545,956,BTCUSDT,queue_consumption,depth_update,ask,,715999,2,,,"{""fill_assumption_profile"": ""base"", ""modeled_lots"": 2, ""observed_lots"": 2, ""overlap_netted_lots"": 0, ""overlap_window_seconds"": 0.125, ""queue_consumed_lots"": 0, ""unmatched_lots"": 2}"
1772633474.545,957,BTCUSDT,queue_consumption,depth_update,ask,,716042,80,,,"{""fill_assumption_profile"": ""base"", ""modeled_lots"": 80, ""observed_lots"": 80, ""overlap_netted_lots"": 0, ""overlap_window_seconds"": 0.125, ""queue_consumed_lots"": 0, ""unmatched_lots"": 80}"
1772633474.545,958,BTCUSDT,queue_consumption,depth_update,ask,,716057,139,,,"{""fill_assumption_profile"": ""base"", ""modeled_lots"": 139, ""observed_lots"": 139, ""overlap_netted_lots"": 0, ""overlap_window_seconds"": 0.125, ""queue_consumed_lots"": 0, ""unmatched_lots"": 139}"
1772633474.545,959,BTCUSDT,queue_consumption,depth_update,ask,,716070,2,,,"{""fill_assumption_profile"": ""base"", ""modeled_lots"": 2, ""observed_lots"": 2, ""overlap_netted_lots"": 0, ""overlap_window_seconds"": 0.125, ""queue_consumed_lots"": 0, ""unmatched_lots"": 2}"
1772633474.545,960,BTCUSDT,queue_consumption,depth_update,ask,,716144,2,,,"{""fill_assumption_profile"": ""base"", ""modeled_lots"": 2, ""observed_lots"": 2, ""overlap_netted_lots"": 0, ""overlap_window_seconds"": 0.125, ""queue_consumed_lots"": 0, ""unmatched_lots"": 2}"
1772633474.545,961,BTCUSDT,queue_consumption,depth_update,ask,,716149,25,,,"{""fill_assumption_profile"": ""base"", ""modeled_lots"": 25, ""observed_lots"": 25, ""overlap_netted_lots"": 0, ""overlap_window_seconds"": 0.125, ""queue_consumed_lots"": 0, ""unmatched_lots"": 25}"
1772633474.545,962,BTCUSDT,queue_consumption,depth_update,ask,,716158,36,,,"{""fill_assumption_profile"": ""base"", ""modeled_lots"": 36, ""observed_lots"": 36, ""overlap_netted_lots"": 0, ""overlap_window_seconds"": 0.125, ""queue_consumed_lots"": 0, ""unmatched_lots"": 36}"
1772633474.545,963,BTCUSDT,queue_consumption,depth_update,ask,,716165,36,,,"{""fill_assumption_profile"": ""base"", ""modeled_lots"": 36, ""observed_lots"": 36, ""overlap_netted_lots"": 0, ""overlap_window_seconds"": 0.125, ""queue_consumed_lots"": 0, ""unmatched_lots"": 36}"
1772633474.545,964,BTCUSDT,queue_consumption,depth_update,ask,,716168,72,,,"{""fill_assumption_profile"": ""base"", ""modeled_lots"": 72, ""observed_lots"": 72, ""overlap_netted_lots"": 0, ""overlap_window_seconds"": 0.125, ""queue_consumed_lots"": 0, ""unmatched_lots"": 72}"
1772633474.545,965,BTCUSDT,queue_consumption,depth_update,ask,,716169,36,,,"{""fill_assumption_profile"": ""base"", ""modeled_lots"": 36, ""observed_lots"": 36, ""overlap_netted_lots"": 0, ""overlap_window_seconds"": 0.125, ""queue_consumed_lots"": 0, ""unmatched_lots"": 36}"
1772633474.545,966,BTCUSDT,queue_consumption,depth_update,ask,,716192,72,,,"{""fill_assumption_profile"": ""base"", ""modeled_lots"": 72, ""observed_lots"": 72, ""overlap_netted_lots"": 0, ""overlap_window_seconds"": 0.125, ""queue_consumed_lots"": 0, ""unmatched_lots"": 72}"
1772633474.545,967,BTCUSDT,queue_consumption,depth_update,ask,,716193,36,,,"{""fill_assumption_profile"": ""base"", ""modeled_lots"": 36, ""observed_lots"": 36, ""overlap_netted_lots"": 0, ""overlap_window_seconds"": 0.125, ""queue_consumed_lots"": 0, ""unmatched_lots"": 36}"
1772633474.545,968,BTCUSDT,queue_consumption,depth_update,ask,,716219,44,,,"{""fill_assumption_profile"": ""base"", ""modeled_lots"": 44, ""observed_lots"": 44, ""overlap_netted_lots"": 0, ""overlap_window_seconds"": 0.125, ""queue_consumed_lots"": 0, ""unmatched_lots"": 44}"
1772633474.545,969,BTCUSDT,queue_consumption,depth_update,ask,,716220,44,,,"{""fill_assumption_profile"": ""base"", ""modeled_lots"": 44, ""observed_lots"": 44, ""overlap_netted_lots"": 0, ""overlap_window_seconds"": 0.125, ""queue_consumed_lots"": 0, ""unmatched_lots"": 44}"
1772633474.545,970,BTCUSDT,queue_consumption,depth_update,ask,,716248,6,,,"{""fill_assumption_profile"": ""base"", ""modeled_lots"": 6, ""observed_lots"": 6, ""overlap_netted_lots"": 0, ""overlap_window_seconds"": 0.125, ""queue_consumed_lots"": 0, ""unmatched_lots"": 6}"
1772633474.545,971,BTCUSDT,queue_consumption,depth_update,ask,,716296,6,,,"{""fill_assumption_profile"": ""base"", ""modeled_lots"": 6, ""observed_lots"": 6, ""overlap_netted_lots"": 0, ""overlap_window_seconds"": 0.125, ""queue_consumed_lots"": 0, ""unmatched_lots"": 6}"
1772633474.545,972,BTCUSDT,queue_consumption,depth_update,ask,,716365,3,,,"{""fill_assumption_profile"": ""base"", ""modeled_lots"": 3, ""observed_lots"": 3, ""overlap_netted_lots"": 0, ""overlap_window_seconds"": 0.125, ""queue_consumed_lots"": 0, ""unmatched_lots"": 3}"
1772633474.545,973,BTCUSDT,queue_consumption,depth_update,ask,,716372,3,,,"{""fill_assumption_profile"": ""base"", ""modeled_lots"": 3, ""observed_lots"": 3, ""overlap_netted_lots"": 0, ""overlap_window_seconds"": 0.125, ""queue_consumed_lots"": 0, ""unmatched_lots"": 3}"
1772633474.545,974,BTCUSDT,queue_consumption,depth_update,ask,,716379,3,,,"{""fill_assumption_profile"": ""base"", ""modeled_lots"": 3, ""observed_lots"": 3, ""overlap_netted_lots"": 0, ""overlap_window_seconds"": 0.125, ""queue_consumed_lots"": 0, ""unmatched_lots"": 3}"
1772633474.545,975,BTCUSDT,queue_consumption,depth_update,ask,,716381,348,,,"{""fill_assumption_profile"": ""base"", ""modeled_lots"": 348, ""observed_lots"": 348, ""overlap_netted_lots"": 0, ""overlap_window_seconds"": 0.125, ""queue_consumed_lots"": 0, ""unmatched_lots"": 348}"
1772633474.545,976,BTCUSDT,queue_consumption,depth_update,ask,,716386,3,,,"{""fill_assumption_profile"": ""base"", ""modeled_lots"": 3, ""observed_lots"": 3, ""overlap_netted_lots"": 0, ""overlap_window_seconds"": 0.125, ""queue_consumed_lots"": 0, ""unmatched_lots"": 3}"
1772633474.545,977,BTCUSDT,queue_consumption,depth_update,ask,,716413,2,,,"{""fill_assumption_profile"": ""base"", ""modeled_lots"": 2, ""observed_lots"": 2, ""overlap_netted_lots"": 0, ""overlap_window_seconds"": 0.125, ""queue_consumed_lots"": 0, ""unmatched_lots"": 2}"
1772633474.545,978,BTCUSDT,queue_consumption,depth_update,ask,,716460,29,,,"{""fill_assumption_profile"": ""base"", ""modeled_lots"": 29, ""observed_lots"": 29, ""overlap_netted_lots"": 0, ""overlap_window_seconds"": 0.125, ""queue_consumed_lots"": 0, ""unmatched_lots"": 29}"
1772633474.545,979,BTCUSDT,queue_consumption,depth_update,ask,,716560,470,,,"{""fill_assumption_profile"": ""base"", ""modeled_lots"": 470, ""observed_lots"": 470, ""overlap_netted_lots"": 0, ""overlap_window_seconds"": 0.125, ""queue_consumed_lots"": 0, ""unmatched_lots"": 470}"
1772633474.545,980,BTCUSDT,queue_consumption,depth_update,ask,,716689,83,,,"{""fill_assumption_profile"": ""base"", ""modeled_lots"": 83, ""observed_lots"": 83, ""overlap_netted_lots"": 0, ""overlap_window_seconds"": 0.125, ""queue_consumed_lots"": 0, ""unmatched_lots"": 83}"
1772633474.545,981,BTCUSDT,queue_consumption,depth_update,ask,,716700,2,,,"{""fill_assumption_profile"": ""base"", ""modeled_lots"": 2, ""observed_lots"": 2, ""overlap_netted_lots"": 0, ""overlap_window_seconds"": 0.125, ""queue_consumed_lots"": 0, ""unmatched_lots"": 2}"
1772633474.545,982,BTCUSDT,queue_consumption,depth_update,ask,,717335,25,,,"{""fill_assumption_profile"": ""base"", ""modeled_lots"": 25, ""observed_lots"": 25, ""overlap_netted_lots"": 0, ""overlap_window_seconds"": 0.125, ""queue_consumed_lots"": 0, ""unmatched_lots"": 25}"
1772633474.545,983,BTCUSDT,queue_consumption,depth_update,ask,,717354,36,,,"{""fill_assumption_profile"": ""base"", ""modeled_lots"": 36, ""observed_lots"": 36, ""overlap_netted_lots"": 0, ""overlap_window_seconds"": 0.125, ""queue_consumed_lots"": 0, ""unmatched_lots"": 36}"
1772633474.545,984,BTCUSDT,queue_consumption,depth_update,ask,,717358,36,,,"{""fill_assumption_profile"": ""base"", ""modeled_lots"": 36, ""observed_lots"": 36, ""overlap_netted_lots"": 0, ""overlap_window_seconds"": 0.125, ""queue_consumed_lots"": 0, ""unmatched_lots"": 36}"
1772633474.545,985,BTCUSDT,queue_consumption,depth_update,ask,,717764,13,,,"{""fill_assumption_profile"": ""base"", ""modeled_lots"": 13, ""observed_lots"": 13, ""overlap_netted_lots"": 0, ""overlap_window_seconds"": 0.125, ""queue_consumed_lots"": 0, ""unmatched_lots"": 13}"
1772633474.545,986,BTCUSDT,queue_consumption,depth_update,ask,,718981,180,,,"{""fill_assumption_profile"": ""base"", ""modeled_lots"": 180, ""observed_lots"": 180, ""overlap_netted_lots"": 0, ""overlap_window_seconds"": 0.125, ""queue_consumed_lots"": 0, ""unmatched_lots"": 180}"
1772633474.623,987,BTCUSDT,market_record,aggTrade,,,,,,,"{""buyer_is_maker"": false, ""price"": ""71586.60"", ""qty"": ""0.182"", ""record_type"": ""aggTrade""}"
1772633474.623,988,BTCUSDT,queue_consumption,agg_trade,ask,,715866,182,,,"{""fill_assumption_profile"": ""base"", ""modeled_lots"": 182, ""observed_lots"": 182, ""overlap_netted_lots"": 0, ""overlap_window_seconds"": 0.125, ""queue_consumed_lots"": 182, ""unmatched_lots"": 0}"
1772633474.647,989,BTCUSDT,market_record,depthUpdate,,,,,,,"{""ask_updates"": 51, ""bid_updates"": 82, ""final_update_id"": 10038350931108, ""first_update_id"": 10038350926824, ""prev_update_id"": 10038350926821, ""record_type"": ""depthUpdate""}"
1772633474.647,990,BTCUSDT,queue_consumption,depth_update,bid,,211997,72,,,"{""fill_assumption_profile"": ""base"", ""modeled_lots"": 72, ""observed_lots"": 72, ""overlap_netted_lots"": 0, ""overlap_window_seconds"": 0.125, ""queue_consumed_lots"": 0, ""unmatched_lots"": 72}"
1772633474.647,991,BTCUSDT,queue_consumption,depth_update,bid,,213997,72,,,"{""fill_assumption_profile"": ""base"", ""modeled_lots"": 72, ""observed_lots"": 72, ""overlap_netted_lots"": 0, ""overlap_window_seconds"": 0.125, ""queue_consumed_lots"": 0, ""unmatched_lots"": 72}"
1772633474.647,992,BTCUSDT,queue_consumption,depth_update,bid,,214997,81,,,"{""fill_assumption_profile"": ""base"", ""modeled_lots"": 81, ""observed_lots"": 81, ""overlap_netted_lots"": 0, ""overlap_window_seconds"": 0.125, ""queue_consumed_lots"": 0, ""unmatched_lots"": 81}"
1772633474.647,993,BTCUSDT,queue_consumption,depth_update,bid,,411997,30,,,"{""fill_assumption_profile"": ""base"", ""modeled_lots"": 30, ""observed_lots"": 30, ""overlap_netted_lots"": 0, ""overlap_window_seconds"": 0.125, ""queue_consumed_lots"": 0, ""unmatched_lots"": 30}"
1772633474.647,994,BTCUSDT,queue_consumption,depth_update,bid,,414997,63,,,"{""fill_assumption_profile"": ""base"", ""modeled_lots"": 63, ""observed_lots"": 63, ""overlap_netted_lots"": 0, ""overlap_window_seconds"": 0.125, ""queue_consumed_lots"": 0, ""unmatched_lots"": 63}"
1772633474.647,995,BTCUSDT,queue_consumption,depth_update,bid,,701577,3,,,"{""fill_assumption_profile"": ""base"", ""modeled_lots"": 3, ""observed_lots"": 3, ""overlap_netted_lots"": 0, ""overlap_window_seconds"": 0.125, ""queue_consumed_lots"": 0, ""unmatched_lots"": 3}"
1772633474.647,996,BTCUSDT,queue_consumption,depth_update,bid,,702170,2,,,"{""fill_assumption_profile"": ""base"", ""modeled_lots"": 2, ""observed_lots"": 2, ""overlap_netted_lots"": 0, ""overlap_window_seconds"": 0.125, ""queue_consumed_lots"": 0, ""unmatched_lots"": 2}"
1772633474.647,997,BTCUSDT,queue_consumption,depth_update,bid,,708706,2,,,"{""fill_assumption_profile"": ""base"", ""modeled_lots"": 2, ""observed_lots"": 2, ""overlap_netted_lots"": 0, ""overlap_window_seconds"": 0.125, ""queue_consumed_lots"": 0, ""unmatched_lots"": 2}"
1772633474.647,998,BTCUSDT,queue_consumption,depth_update,bid,,712417,10,,,"{""fill_assumption_profile"": ""base"", ""modeled_lots"": 10, ""observed_lots"": 10, ""overlap_netted_lots"": 0, ""overlap_window_seconds"": 0.125, ""queue_consumed_lots"": 0, ""unmatched_lots"": 10}"
1772633474.647,999,BTCUSDT,queue_consumption,depth_update,bid,,712711,104,,,"{""fill_assumption_profile"": ""base"", ""modeled_lots"": 104, ""observed_lots"": 104, ""overlap_netted_lots"": 0, ""overlap_window_seconds"": 0.125, ""queue_consumed_lots"": 0, ""unmatched_lots"": 104}"
1772633474.647,1000,BTCUSDT,queue_consumption,depth_update,bid,,712786,350,,,"{""fill_assumption_profile"": ""base"", ""modeled_lots"": 350, ""observed_lots"": 350, ""overlap_netted_lots"": 0, ""overlap_window_seconds"": 0.125, ""queue_consumed_lots"": 0, ""unmatched_lots"": 350}"
1772633474.647,1001,BTCUSDT,queue_consumption,depth_update,bid,,713077,103,,,"{""fill_assumption_profile"": ""base"", ""modeled_lots"": 103, ""observed_lots"": 103, ""overlap_netted_lots"": 0, ""overlap_window_seconds"": 0.125, ""queue_consumed_lots"": 0, ""unmatched_lots"": 103}"
1772633474.647,1002,BTCUSDT,queue_consumption,depth_update,bid,,714552,777,,,"{""fill_assumption_profile"": ""base"", ""modeled_lots"": 777, ""observed_lots"": 777, ""overlap_netted_lots"": 0, ""overlap_window_seconds"": 0.125, ""queue_consumed_lots"": 0, ""unmatched_lots"": 777}"
1772633474.647,1003,BTCUSDT,queue_consumption,depth_update,bid,,714587,1189,,,"{""fill_assumption_profile"": ""base"", ""modeled_lots"": 1189, ""observed_lots"": 1189, ""overlap_netted_lots"": 0, ""overlap_window_seconds"": 0.125, ""queue_consumed_lots"": 0, ""unmatched_lots"": 1189}"
1772633474.647,1004,BTCUSDT,queue_consumption,depth_update,bid,,714800,30,,,"{""fill_assumption_profile"": ""base"", ""modeled_lots"": 30, ""observed_lots"": 30, ""overlap_netted_lots"": 0, ""overlap_window_seconds"": 0.125, ""queue_consumed_lots"": 0, ""unmatched_lots"": 30}"
1772633474.647,1005,BTCUSDT,queue_consumption,depth_update,bid,,714810,40,,,"{""fill_assumption_profile"": ""base"", ""modeled_lots"": 40, ""observed_lots"": 40, ""overlap_netted_lots"": 0, ""overlap_window_seconds"": 0.125, ""queue_consumed_lots"": 0, ""unmatched_lots"": 40}"
1772633474.647,1006,BTCUSDT,queue_consumption,depth_update,bid,,714863,40,,,"{""fill_assumption_profile"": ""base"", ""modeled_lots"": 40, ""observed_lots"": 40, ""overlap_netted_lots"": 0, ""overlap_window_seconds"": 0.125, ""queue_consumed_lots"": 0, ""unmatched_lots"": 40}"
1772633474.647,1007,BTCUSDT,queue_consumption,depth_update,bid,,714944,41,,,"{""fill_assumption_profile"": ""base"", ""modeled_lots"": 41, ""observed_lots"": 41, ""overlap_netted_lots"": 0, ""overlap_window_seconds"": 0.125, ""queue_consumed_lots"": 0, ""unmatched_lots"": 41}"
1772633474.647,1008,BTCUSDT,queue_consumption,depth_update,bid,,714974,82,,,"{""fill_assumption_profile"": ""base"", ""modeled_lots"": 82, ""observed_lots"": 82, ""overlap_netted_lots"": 0, ""overlap_window_seconds"": 0.125, ""queue_consumed_lots"": 0, ""unmatched_lots"": 82}"
1772633474.647,1009,BTCUSDT,queue_consumption,depth_update,bid,,715051,69,,,"{""fill_assumption_profile"": ""base"", ""modeled_lots"": 69, ""observed_lots"": 69, ""overlap_netted_lots"": 0, ""overlap_window_seconds"": 0.125, ""queue_consumed_lots"": 0, ""unmatched_lots"": 69}"
1772633474.647,1010,BTCUSDT,queue_consumption,depth_update,bid,,715330,3,,,"{""fill_assumption_profile"": ""base"", ""modeled_lots"": 3, ""observed_lots"": 3, ""overlap_netted_lots"": 0, ""overlap_window_seconds"": 0.125, ""queue_consumed_lots"": 0, ""unmatched_lots"": 3}"
1772633474.647,1011,BTCUSDT,queue_consumption,depth_update,bid,,715339,4,,,"{""fill_assumption_profile"": ""base"", ""modeled_lots"": 4, ""observed_lots"": 4, ""overlap_netted_lots"": 0, ""overlap_window_seconds"": 0.125, ""queue_consumed_lots"": 0, ""unmatched_lots"": 4}"
1772633474.647,1012,BTCUSDT,queue_consumption,depth_update,bid,,715355,2,,,"{""fill_assumption_profile"": ""base"", ""modeled_lots"": 2, ""observed_lots"": 2, ""overlap_netted_lots"": 0, ""overlap_window_seconds"": 0.125, ""queue_consumed_lots"": 0, ""unmatched_lots"": 2}"
1772633474.647,1013,BTCUSDT,queue_consumption,depth_update,bid,,715363,40,,,"{""fill_assumption_profile"": ""base"", ""modeled_lots"": 40, ""observed_lots"": 40, ""overlap_netted_lots"": 0, ""overlap_window_seconds"": 0.125, ""queue_consumed_lots"": 0, ""unmatched_lots"": 40}"
1772633474.647,1014,BTCUSDT,queue_consumption,depth_update,bid,,715435,277,,,"{""fill_assumption_profile"": ""base"", ""modeled_lots"": 277, ""observed_lots"": 277, ""overlap_netted_lots"": 0, ""overlap_window_seconds"": 0.125, ""queue_consumed_lots"": 0, ""unmatched_lots"": 277}"
1772633474.647,1015,BTCUSDT,queue_consumption,depth_update,bid,,715493,8,,,"{""fill_assumption_profile"": ""base"", ""modeled_lots"": 8, ""observed_lots"": 8, ""overlap_netted_lots"": 0, ""overlap_window_seconds"": 0.125, ""queue_consumed_lots"": 0, ""unmatched_lots"": 8}"
1772633474.647,1016,BTCUSDT,queue_consumption,depth_update,bid,,715569,6,,,"{""fill_assumption_profile"": ""base"", ""modeled_lots"": 6, ""observed_lots"": 6, ""overlap_netted_lots"": 0, ""overlap_window_seconds"": 0.125, ""queue_consumed_lots"": 0, ""unmatched_lots"": 6}"
1772633474.647,1017,BTCUSDT,queue_consumption,depth_update,bid,,715673,176,,,"{""fill_assumption_profile"": ""base"", ""modeled_lots"": 176, ""observed_lots"": 176, ""overlap_netted_lots"": 0, ""overlap_window_seconds"": 0.125, ""queue_consumed_lots"": 0, ""unmatched_lots"": 176}"
1772633474.647,1018,BTCUSDT,queue_consumption,depth_update,bid,,715675,2,,,"{""fill_assumption_profile"": ""base"", ""modeled_lots"": 2, ""observed_lots"": 2, ""overlap_netted_lots"": 0, ""overlap_window_seconds"": 0.125, ""queue_consumed_lots"": 0, ""unmatched_lots"": 2}"
1772633474.647,1019,BTCUSDT,queue_consumption,depth_update,bid,,715739,2,,,"{""fill_assumption_profile"": ""base"", ""modeled_lots"": 2, ""observed_lots"": 2, ""overlap_netted_lots"": 0, ""overlap_window_seconds"": 0.125, ""queue_consumed_lots"": 0, ""unmatched_lots"": 2}"
1772633474.647,1020,BTCUSDT,queue_consumption,depth_update,bid,,715784,1306,,,"{""fill_assumption_profile"": ""base"", ""modeled_lots"": 1306, ""observed_lots"": 1306, ""overlap_netted_lots"": 0, ""overlap_window_seconds"": 0.125, ""queue_consumed_lots"": 0, ""unmatched_lots"": 1306}"
1772633474.647,1021,BTCUSDT,queue_consumption,depth_update,bid,,715865,38,,,"{""fill_assumption_profile"": ""base"", ""modeled_lots"": 0, ""observed_lots"": 38, ""overlap_netted_lots"": 38, ""overlap_window_seconds"": 0.125, ""queue_consumed_lots"": 0, ""unmatched_lots"": 0}"
1772633474.647,1022,BTCUSDT,queue_consumption,depth_update,ask,,716063,80,,,"{""fill_assumption_profile"": ""base"", ""modeled_lots"": 80, ""observed_lots"": 80, ""overlap_netted_lots"": 0, ""overlap_window_seconds"": 0.125, ""queue_consumed_lots"": 0, ""unmatched_lots"": 80}"
1772633474.647,1023,BTCUSDT,queue_consumption,depth_update,ask,,716114,25,,,"{""fill_assumption_profile"": ""base"", ""modeled_lots"": 25, ""observed_lots"": 25, ""overlap_netted_lots"": 0, ""overlap_window_seconds"": 0.125, ""queue_consumed_lots"": 0, ""unmatched_lots"": 25}"
1772633474.647,1024,BTCUSDT,queue_consumption,depth_update,ask,,716150,502,,,"{""fill_assumption_profile"": ""base"", ""modeled_lots"": 502, ""observed_lots"": 502, ""overlap_netted_lots"": 0, ""overlap_window_seconds"": 0.125, ""queue_consumed_lots"": 0, ""unmatched_lots"": 502}"
1772633474.647,1025,BTCUSDT,queue_consumption,depth_update,ask,,716164,36,,,"{""fill_assumption_profile"": ""base"", ""modeled_lots"": 36, ""observed_lots"": 36, ""overlap_netted_lots"": 0, ""overlap_window_seconds"": 0.125, ""queue_consumed_lots"": 0, ""unmatched_lots"": 36}"
1772633474.647,1026,BTCUSDT,queue_consumption,depth_update,ask,,716167,72,,,"{""fill_assumption_profile"": ""base"", ""modeled_lots"": 72, ""observed_lots"": 72, ""overlap_netted_lots"": 0, ""overlap_window_seconds"": 0.125, ""queue_consumed_lots"": 0, ""unmatched_lots"": 72}"
1772633474.647,1027,BTCUSDT,queue_consumption,depth_update,ask,,716168,36,,,"{""fill_assumption_profile"": ""base"", ""modeled_lots"": 36, ""observed_lots"": 36, ""overlap_netted_lots"": 0, ""overlap_window_seconds"": 0.125, ""queue_consumed_lots"": 0, ""unmatched_lots"": 36}"
1772633474.647,1028,BTCUSDT,queue_consumption,depth_update,ask,,716212,4,,,"{""fill_assumption_profile"": ""base"", ""modeled_lots"": 4, ""observed_lots"": 4, ""overlap_netted_lots"": 0, ""overlap_window_seconds"": 0.125, ""queue_consumed_lots"": 0, ""unmatched_lots"": 4}"
1772633474.647,1029,BTCUSDT,queue_consumption,depth_update,ask,,716213,4,,,"{""fill_assumption_profile"": ""base"", ""modeled_lots"": 4, ""observed_lots"": 4, ""overlap_netted_lots"": 0, ""overlap_window_seconds"": 0.125, ""queue_consumed_lots"": 0, ""unmatched_lots"": 4}"
1772633474.647,1030,BTCUSDT,queue_consumption,depth_update,ask,,716344,3,,,"{""fill_assumption_profile"": ""base"", ""modeled_lots"": 3, ""observed_lots"": 3, ""overlap_netted_lots"": 0, ""overlap_window_seconds"": 0.125, ""queue_consumed_lots"": 0, ""unmatched_lots"": 3}"
1772633474.647,1031,BTCUSDT,queue_consumption,depth_update,ask,,716351,3,,,"{""fill_assumption_profile"": ""base"", ""modeled_lots"": 3, ""observed_lots"": 3, ""overlap_netted_lots"": 0, ""overlap_window_seconds"": 0.125, ""queue_consumed_lots"": 0, ""unmatched_lots"": 3}"
1772633474.647,1032,BTCUSDT,queue_consumption,depth_update,ask,,716358,3,,,"{""fill_assumption_profile"": ""base"", ""modeled_lots"": 3, ""observed_lots"": 3, ""overlap_netted_lots"": 0, ""overlap_window_seconds"": 0.125, ""queue_consumed_lots"": 0, ""unmatched_lots"": 3}"
1772633474.647,1033,BTCUSDT,queue_consumption,depth_update,ask,,716773,41,,,"{""fill_assumption_profile"": ""base"", ""modeled_lots"": 41, ""observed_lots"": 41, ""overlap_netted_lots"": 0, ""overlap_window_seconds"": 0.125, ""queue_consumed_lots"": 0, ""unmatched_lots"": 41}"
1772633474.647,1034,BTCUSDT,queue_consumption,depth_update,ask,,716792,41,,,"{""fill_assumption_profile"": ""base"", ""modeled_lots"": 41, ""observed_lots"": 41, ""overlap_netted_lots"": 0, ""overlap_window_seconds"": 0.125, ""queue_consumed_lots"": 0, ""unmatched_lots"": 41}"
1772633474.647,1035,BTCUSDT,queue_consumption,depth_update,ask,,716875,3,,,"{""fill_assumption_profile"": ""base"", ""modeled_lots"": 3, ""observed_lots"": 3, ""overlap_netted_lots"": 0, ""overlap_window_seconds"": 0.125, ""queue_consumed_lots"": 0, ""unmatched_lots"": 3}"
1772633474.647,1036,BTCUSDT,queue_consumption,depth_update,ask,,716938,778,,,"{""fill_assumption_profile"": ""base"", ""modeled_lots"": 778, ""observed_lots"": 778, ""overlap_netted_lots"": 0, ""overlap_window_seconds"": 0.125, ""queue_consumed_lots"": 0, ""unmatched_lots"": 778}"
1772633474.647,1037,BTCUSDT,queue_consumption,depth_update,ask,,717349,162,,,"{""fill_assumption_profile"": ""base"", ""modeled_lots"": 162, ""observed_lots"": 162, ""overlap_netted_lots"": 0, ""overlap_window_seconds"": 0.125, ""queue_consumed_lots"": 0, ""unmatched_lots"": 162}"
1772633474.647,1038,BTCUSDT,queue_consumption,depth_update,ask,,717359,61,,,"{""fill_assumption_profile"": ""base"", ""modeled_lots"": 61, ""observed_lots"": 61, ""overlap_netted_lots"": 0, ""overlap_window_seconds"": 0.125, ""queue_consumed_lots"": 0, ""unmatched_lots"": 61}"
1772633474.647,1039,BTCUSDT,queue_consumption,depth_update,ask,,722000,346,,,"{""fill_assumption_profile"": ""base"", ""modeled_lots"": 346, ""observed_lots"": 346, ""overlap_netted_lots"": 0, ""overlap_window_seconds"": 0.125, ""queue_consumed_lots"": 0, ""unmatched_lots"": 346}"
1772633474.647,1040,BTCUSDT,queue_consumption,depth_update,ask,,729560,2,,,"{""fill_assumption_profile"": ""base"", ""modeled_lots"": 2, ""observed_lots"": 2, ""overlap_netted_lots"": 0, ""overlap_window_seconds"": 0.125, ""queue_consumed_lots"": 0, ""unmatched_lots"": 2}"
1772633474.726,1041,BTCUSDT,market_record,aggTrade,,,,,,,"{""buyer_is_maker"": true, ""price"": ""71586.50"", ""qty"": ""0.006"", ""record_type"": ""aggTrade""}"
1772633474.726,1042,BTCUSDT,queue_consumption,agg_trade,bid,,715865,6,,,"{""fill_assumption_profile"": ""base"", ""modeled_lots"": 6, ""observed_lots"": 6, ""overlap_netted_lots"": 0, ""overlap_window_seconds"": 0.125, ""queue_consumed_lots"": 6, ""unmatched_lots"": 0}"
1772633474.749,1043,BTCUSDT,market_record,depthUpdate,,,,,,,"{""ask_updates"": 56, ""bid_updates"": 79, ""final_update_id"": 10038350935306, ""first_update_id"": 10038350931194, ""prev_update_id"": 10038350931108, ""record_type"": ""depthUpdate""}"
1772633474.749,1044,BTCUSDT,queue_consumption,depth_update,bid,,211997,72,,,"{""fill_assumption_profile"": ""base"", ""modeled_lots"": 72, ""observed_lots"": 72, ""overlap_netted_lots"": 0, ""overlap_window_seconds"": 0.125, ""queue_consumed_lots"": 0, ""unmatched_lots"": 72}"
1772633474.749,1045,BTCUSDT,queue_consumption,depth_update,bid,,213997,81,,,"{""fill_assumption_profile"": ""base"", ""modeled_lots"": 81, ""observed_lots"": 81, ""overlap_netted_lots"": 0, ""overlap_window_seconds"": 0.125, ""queue_consumed_lots"": 0, ""unmatched_lots"": 81}"
1772633474.749,1046,BTCUSDT,queue_consumption,depth_update,bid,,214997,72,,,"{""fill_assumption_profile"": ""base"", ""modeled_lots"": 72, ""observed_lots"": 72, ""overlap_netted_lots"": 0, ""overlap_window_seconds"": 0.125, ""queue_consumed_lots"": 0, ""unmatched_lots"": 72}"
1772633474.749,1047,BTCUSDT,queue_consumption,depth_update,bid,,411997,30,,,"{""fill_assumption_profile"": ""base"", ""modeled_lots"": 30, ""observed_lots"": 30, ""overlap_netted_lots"": 0, ""overlap_window_seconds"": 0.125, ""queue_consumed_lots"": 0, ""unmatched_lots"": 30}"
1772633474.749,1048,BTCUSDT,queue_consumption,depth_update,bid,,414925,3,,,"{""fill_assumption_profile"": ""base"", ""modeled_lots"": 3, ""observed_lots"": 3, ""overlap_netted_lots"": 0, ""overlap_window_seconds"": 0.125, ""queue_consumed_lots"": 0, ""unmatched_lots"": 3}"
1772633474.749,1049,BTCUSDT,queue_consumption,depth_update,bid,,414952,12,,,"{""fill_assumption_profile"": ""base"", ""modeled_lots"": 12, ""observed_lots"": 12, ""overlap_netted_lots"": 0, ""overlap_window_seconds"": 0.125, ""queue_consumed_lots"": 0, ""unmatched_lots"": 12}"
1772633474.749,1050,BTCUSDT,queue_consumption,depth_update,bid,,414983,3,,,"{""fill_assumption_profile"": ""base"", ""modeled_lots"": 3, ""observed_lots"": 3, ""overlap_netted_lots"": 0, ""overlap_window_seconds"": 0.125, ""queue_consumed_lots"": 0, ""unmatched_lots"": 3}"
1772633474.749,1051,BTCUSDT,queue_consumption,depth_update,bid,,414984,27,,,"{""fill_assumption_profile"": ""base"", ""modeled_lots"": 27, ""observed_lots"": 27, ""overlap_netted_lots"": 0, ""overlap_window_seconds"": 0.125, ""queue_consumed_lots"": 0, ""unmatched_lots"": 27}"
1772633474.749,1052,BTCUSDT,queue_consumption,depth_update,bid,,414990,3,,,"{""fill_assumption_profile"": ""base"", ""modeled_lots"": 3, ""observed_lots"": 3, ""overlap_netted_lots"": 0, ""overlap_window_seconds"": 0.125, ""queue_consumed_lots"": 0, ""unmatched_lots"": 3}"
1772633474.749,1053,BTCUSDT,queue_consumption,depth_update,bid,,414997,12,,,"{""fill_assumption_profile"": ""base"", ""modeled_lots"": 12, ""observed_lots"": 12, ""overlap_netted_lots"": 0, ""overlap_window_seconds"": 0.125, ""queue_consumed_lots"": 0, ""unmatched_lots"": 12}"
1772633474.749,1054,BTCUSDT,queue_consumption,depth_update,bid,,713049,128,,,"{""fill_assumption_profile"": ""base"", ""modeled_lots"": 128, ""observed_lots"": 128, ""overlap_netted_lots"": 0, ""overlap_window_seconds"": 0.125, ""queue_consumed_lots"": 0, ""unmatched_lots"": 128}"
1772633474.749,1055,BTCUSDT,queue_consumption,depth_update,bid,,714064,61,,,"{""fill_assumption_profile"": ""base"", ""modeled_lots"": 61, ""observed_lots"": 61, ""overlap_netted_lots"": 0, ""overlap_window_seconds"": 0.125, ""queue_consumed_lots"": 0, ""unmatched_lots"": 61}"
1772633474.749,1056,BTCUSDT,queue_consumption,depth_update,bid,,714592,960,,,"{""fill_assumption_profile"": ""base"", ""modeled_lots"": 960, ""observed_lots"": 960, ""overlap_netted_lots"": 0, ""overlap_window_seconds"": 0.125, ""queue_consumed_lots"": 0, ""unmatched_lots"": 960}"
1772633474.749,1057,BTCUSDT,queue_consumption,depth_update,bid,,714612,777,,,"{""fill_assumption_profile"": ""base"", ""modeled_lots"": 777, ""observed_lots"": 777, ""overlap_netted_lots"": 0, ""overlap_window_seconds"": 0.125, ""queue_consumed_lots"": 0, ""unmatched_lots"": 777}"
1772633474.749,1058,BTCUSDT,queue_consumption,depth_update,bid,,714629,777,,,"{""fill_assumption_profile"": ""base"", ""modeled_lots"": 777, ""observed_lots"": 777, ""overlap_netted_lots"": 0, ""overlap_window_seconds"": 0.125, ""queue_consumed_lots"": 0, ""unmatched_lots"": 777}"
1772633474.749,1059,BTCUSDT,queue_consumption,depth_update,bid,,714646,777,,,"{""fill_assumption_profile"": ""base"", ""modeled_lots"": 777, ""observed_lots"": 777, ""overlap_netted_lots"": 0, ""overlap_window_seconds"": 0.125, ""queue_consumed_lots"": 0, ""unmatched_lots"": 777}"
1772633474.749,1060,BTCUSDT,queue_consumption,depth_update,bid,,714663,777,,,"{""fill_assumption_profile"": ""base"", ""modeled_lots"": 777, ""observed_lots"": 777, ""overlap_netted_lots"": 0, ""overlap_window_seconds"": 0.125, ""queue_consumed_lots"": 0, ""unmatched_lots"": 777}"
1772633474.749,1061,BTCUSDT,queue_consumption,depth_update,bid,,714680,1327,,,"{""fill_assumption_profile"": ""base"", ""modeled_lots"": 1327, ""observed_lots"": 1327, ""overlap_netted_lots"": 0, ""overlap_window_seconds"": 0.125, ""queue_consumed_lots"": 0, ""unmatched_lots"": 1327}"
1772633474.749,1062,BTCUSDT,queue_consumption,depth_update,bid,,714709,777,,,"{""fill_assumption_profile"": ""base"", ""modeled_lots"": 777, ""observed_lots"": 777, ""overlap_netted_lots"": 0, ""overlap_window_seconds"": 0.125, ""queue_consumed_lots"": 0, ""unmatched_lots"": 777}"
1772633474.749,1063,BTCUSDT,queue_consumption,depth_update,bid,,714831,41,,,"{""fill_assumption_profile"": ""base"", ""modeled_lots"": 41, ""observed_lots"": 41, ""overlap_netted_lots"": 0, ""overlap_window_seconds"": 0.125, ""queue_consumed_lots"": 0, ""unmatched_lots"": 41}"
1772633474.749,1064,BTCUSDT,queue_consumption,depth_update,bid,,714930,7,,,"{""fill_assumption_profile"": ""base"", ""modeled_lots"": 7, ""observed_lots"": 7, ""overlap_netted_lots"": 0, ""overlap_window_seconds"": 0.125, ""queue_consumed_lots"": 0, ""unmatched_lots"": 7}"
1772633474.749,1065,BTCUSDT,queue_consumption,depth_update,bid,,714934,2,,,"{""fill_assumption_profile"": ""base"", ""modeled_lots"": 2, ""observed_lots"": 2, ""overlap_netted_lots"": 0, ""overlap_window_seconds"": 0.125, ""queue_consumed_lots"": 0, ""unmatched_lots"": 2}"
1772633474.749,1066,BTCUSDT,queue_consumption,depth_update,bid,,714959,40,,,"{""fill_assumption_profile"": ""base"", ""modeled_lots"": 40, ""observed_lots"": 40, ""overlap_netted_lots"": 0, ""overlap_window_seconds"": 0.125, ""queue_consumed_lots"": 0, ""unmatched_lots"": 40}"
1772633474.749,1067,BTCUSDT,queue_consumption,depth_update,bid,,715001,7,,,"{""fill_assumption_profile"": ""base"", ""modeled_lots"": 7, ""observed_lots"": 7, ""overlap_netted_lots"": 0, ""overlap_window_seconds"": 0.125, ""queue_consumed_lots"": 0, ""unmatched_lots"": 7}"
1772633474.749,1068,BTCUSDT,queue_consumption,depth_update,bid,,715073,7,,,"{""fill_assumption_profile"": ""base"", ""modeled_lots"": 7, ""observed_lots"": 7, ""overlap_netted_lots"": 0, ""overlap_window_seconds"": 0.125, ""queue_consumed_lots"": 0, ""unmatched_lots"": 7}"
1772633474.749,1069,BTCUSDT,queue_consumption,depth_update,bid,,715360,2,,,"{""fill_assumption_profile"": ""base"", ""modeled_lots"": 2, ""observed_lots"": 2, ""overlap_netted_lots"": 0, ""overlap_window_seconds"": 0.125, ""queue_consumed_lots"": 0, ""unmatched_lots"": 2}"
1772633474.749,1070,BTCUSDT,queue_consumption,depth_update,bid,,715393,457,,,"{""fill_assumption_profile"": ""base"", ""modeled_lots"": 457, ""observed_lots"": 457, ""overlap_netted_lots"": 0, ""overlap_window_seconds"": 0.125, ""queue_consumed_lots"": 0, ""unmatched_lots"": 457}"
1772633474.749,1071,BTCUSDT,queue_consumption,depth_update,bid,,715630,6,,,"{""fill_assumption_profile"": ""base"", ""modeled_lots"": 6, ""observed_lots"": 6, ""overlap_netted_lots"": 0, ""overlap_window_seconds"": 0.125, ""queue_consumed_lots"": 0, ""unmatched_lots"": 6}"
1772633474.749,1072,BTCUSDT,queue_consumption,depth_update,bid,,715667,20,,,"{""fill_assumption_profile"": ""base"", ""modeled_lots"": 20, ""observed_lots"": 20, ""overlap_netted_lots"": 0, ""overlap_window_seconds"": 0.125, ""queue_consumed_lots"": 0, ""unmatched_lots"": 20}"
1772633474.749,1073,BTCUSDT,queue_consumption,depth_update,bid,,715744,2,,,"{""fill_assumption_profile"": ""base"", ""modeled_lots"": 2, ""observed_lots"": 2, ""overlap_netted_lots"": 0, ""overlap_window_seconds"": 0.125, ""queue_consumed_lots"": 0, ""unmatched_lots"": 2}"
1772633474.749,1074,BTCUSDT,queue_consumption,depth_update,bid,,715785,317,,,"{""fill_assumption_profile"": ""base"", ""modeled_lots"": 317, ""observed_lots"": 317, ""overlap_netted_lots"": 0, ""overlap_window_seconds"": 0.125, ""queue_consumed_lots"": 0, ""unmatched_lots"": 317}"
1772633474.749,1075,BTCUSDT,queue_consumption,depth_update,bid,,715814,23,,,"{""fill_assumption_profile"": ""base"", ""modeled_lots"": 23, ""observed_lots"": 23, ""overlap_netted_lots"": 0, ""overlap_window_seconds"": 0.125, ""queue_consumed_lots"": 0, ""unmatched_lots"": 23}"
1772633474.749,1076,BTCUSDT,queue_consumption,depth_update,bid,,715816,2,,,"{""fill_assumption_profile"": ""base"", ""modeled_lots"": 2, ""observed_lots"": 2, ""overlap_netted_lots"": 0, ""overlap_window_seconds"": 0.125, ""queue_consumed_lots"": 0, ""unmatched_lots"": 2}"
1772633474.749,1077,BTCUSDT,queue_consumption,depth_update,bid,,715831,2,,,"{""fill_assumption_profile"": ""base"", ""modeled_lots"": 2, ""observed_lots"": 2, ""overlap_netted_lots"": 0, ""overlap_window_seconds"": 0.125, ""queue_consumed_lots"": 0, ""unmatched_lots"": 2}"
1772633474.749,1078,BTCUSDT,queue_consumption,depth_update,bid,,715845,2,,,"{""fill_assumption_profile"": ""base"", ""modeled_lots"": 2, ""observed_lots"": 2, ""overlap_netted_lots"": 0, ""overlap_window_seconds"": 0.125, ""queue_consumed_lots"": 0, ""unmatched_lots"": 2}"
1772633474.749,1079,BTCUSDT,queue_consumption,depth_update,bid,,715865,5,,,"{""fill_assumption_profile"": ""base"", ""modeled_lots"": 0, ""observed_lots"": 5, ""overlap_netted_lots"": 5, ""overlap_window_seconds"": 0.125, ""queue_consumed_lots"": 0, ""unmatched_lots"": 0}"
1772633474.749,1080,BTCUSDT,queue_consumption,depth_update,ask,,715866,7,,,"{""fill_assumption_profile"": ""base"", ""modeled_lots"": 7, ""observed_lots"": 7, ""overlap_netted_lots"": 0, ""overlap_window_seconds"": 0.125, ""queue_consumed_lots"": 0, ""unmatched_lots"": 7}"
1772633474.749,1081,BTCUSDT,queue_consumption,depth_update,ask,,715928,16,,,"{""fill_assumption_profile"": ""base"", ""modeled_lots"": 16, ""observed_lots"": 16, ""overlap_netted_lots"": 0, ""overlap_window_seconds"": 0.125, ""queue_consumed_lots"": 0, ""unmatched_lots"": 16}"
1772633474.749,1082,BTCUSDT,queue_consumption,depth_update,ask,,715998,5,,,"{""fill_assumption_profile"": ""base"", ""modeled_lots"": 5, ""observed_lots"": 5, ""overlap_netted_lots"": 0, ""overlap_window_seconds"": 0.125, ""queue_consumed_lots"": 0, ""unmatched_lots"": 5}"
1772633474.749,1083,BTCUSDT,queue_consumption,depth_update,ask,,716088,2,,,"{""fill_assumption_profile"": ""base"", ""modeled_lots"": 2, ""observed_lots"": 2, ""overlap_netted_lots"": 0, ""overlap_window_seconds"": 0.125, ""queue_consumed_lots"": 0, ""unmatched_lots"": 2}"
1772633474.749,1084,BTCUSDT,queue_consumption,depth_update,ask,,716242,2,,,"{""fill_assumption_profile"": ""base"", ""modeled_lots"": 2, ""observed_lots"": 2, ""overlap_netted_lots"": 0, ""overlap_window_seconds"": 0.125, ""queue_consumed_lots"": 0, ""unmatched_lots"": 2}"
1772633474.749,1085,BTCUSDT,queue_consumption,depth_update,ask,,716313,307,,,"{""fill_assumption_profile"": ""base"", ""modeled_lots"": 307, ""observed_lots"": 307, ""overlap_netted_lots"": 0, ""overlap_window_seconds"": 0.125, ""queue_consumed_lots"": 0, ""unmatched_lots"": 307}"
1772633474.749,1086,BTCUSDT,queue_consumption,depth_update,ask,,716321,3,,,"{""fill_assumption_profile"": ""base"", ""modeled_lots"": 3, ""observed_lots"": 3, ""overlap_netted_lots"": 0, ""overlap_window_seconds"": 0.125, ""queue_consumed_lots"": 0, ""unmatched_lots"": 3}"
1772633474.749,1087,BTCUSDT,queue_consumption,depth_update,ask,,716328,3,,,"{""fill_assumption_profile"": ""base"", ""modeled_lots"": 3, ""observed_lots"": 3, ""overlap_netted_lots"": 0, ""overlap_window_seconds"": 0.125, ""queue_consumed_lots"": 0, ""unmatched_lots"": 3}"
1772633474.749,1088,BTCUSDT,queue_consumption,depth_update,ask,,716337,160,,,"{""fill_assumption_profile"": ""base"", ""modeled_lots"": 160, ""observed_lots"": 160, ""overlap_netted_lots"": 0, ""overlap_window_seconds"": 0.125, ""queue_consumed_lots"": 0, ""unmatched_lots"": 160}"
1772633474.749,1089,BTCUSDT,queue_consumption,depth_update,ask,,716349,307,,,"{""fill_assumption_profile"": ""base"", ""modeled_lots"": 307, ""observed_lots"": 307, ""overlap_netted_lots"": 0, ""overlap_window_seconds"": 0.125, ""queue_consumed_lots"": 0, ""unmatched_lots"": 307}"
1772633474.749,1090,BTCUSDT,queue_consumption,depth_update,ask,,716409,72,,,"{""fill_assumption_profile"": ""base"", ""modeled_lots"": 72, ""observed_lots"": 72, ""overlap_netted_lots"": 0, ""overlap_window_seconds"": 0.125, ""queue_consumed_lots"": 0, ""unmatched_lots"": 72}"
1772633474.749,1091,BTCUSDT,queue_consumption,depth_update,ask,,716594,101,,,"{""fill_assumption_profile"": ""base"", ""modeled_lots"": 101, ""observed_lots"": 101, ""overlap_netted_lots"": 0, ""overlap_window_seconds"": 0.125, ""queue_consumed_lots"": 0, ""unmatched_lots"": 101}"
1772633474.749,1092,BTCUSDT,queue_consumption,depth_update,ask,,716597,101,,,"{""fill_assumption_profile"": ""base"", ""modeled_lots"": 101, ""observed_lots"": 101, ""overlap_netted_lots"": 0, ""overlap_window_seconds"": 0.125, ""queue_consumed_lots"": 0, ""unmatched_lots"": 101}"
1772633474.749,1093,BTCUSDT,queue_consumption,depth_update,ask,,716650,13,,,"{""fill_assumption_profile"": ""base"", ""modeled_lots"": 13, ""observed_lots"": 13, ""overlap_netted_lots"": 0, ""overlap_window_seconds"": 0.125, ""queue_consumed_lots"": 0, ""unmatched_lots"": 13}"
1772633474.749,1094,BTCUSDT,queue_consumption,depth_update,ask,,716694,4,,,"{""fill_assumption_profile"": ""base"", ""modeled_lots"": 4, ""observed_lots"": 4, ""overlap_netted_lots"": 0, ""overlap_window_seconds"": 0.125, ""queue_consumed_lots"": 0, ""unmatched_lots"": 4}"
1772633474.749,1095,BTCUSDT,queue_consumption,depth_update,ask,,716721,7,,,"{""fill_assumption_profile"": ""base"", ""modeled_lots"": 7, ""observed_lots"": 7, ""overlap_netted_lots"": 0, ""overlap_window_seconds"": 0.125, ""queue_consumed_lots"": 0, ""unmatched_lots"": 7}"
1772633474.749,1096,BTCUSDT,queue_consumption,depth_update,ask,,716740,41,,,"{""fill_assumption_profile"": ""base"", ""modeled_lots"": 41, ""observed_lots"": 41, ""overlap_netted_lots"": 0, ""overlap_window_seconds"": 0.125, ""queue_consumed_lots"": 0, ""unmatched_lots"": 41}"
1772633474.749,1097,BTCUSDT,queue_consumption,depth_update,ask,,716787,41,,,"{""fill_assumption_profile"": ""base"", ""modeled_lots"": 41, ""observed_lots"": 41, ""overlap_netted_lots"": 0, ""overlap_window_seconds"": 0.125, ""queue_consumed_lots"": 0, ""unmatched_lots"": 41}"
1772633474.749,1098,BTCUSDT,queue_consumption,depth_update,ask,,716793,7,,,"{""fill_assumption_profile"": ""base"", ""modeled_lots"": 7, ""observed_lots"": 7, ""overlap_netted_lots"": 0, ""overlap_window_seconds"": 0.125, ""queue_consumed_lots"": 0, ""unmatched_lots"": 7}"
1772633474.749,1099,BTCUSDT,queue_consumption,depth_update,ask,,716812,279,,,"{""fill_assumption_profile"": ""base"", ""modeled_lots"": 279, ""observed_lots"": 279, ""overlap_netted_lots"": 0, ""overlap_window_seconds"": 0.125, ""queue_consumed_lots"": 0, ""unmatched_lots"": 279}"
1772633474.749,1100,BTCUSDT,queue_consumption,depth_update,ask,,716909,4,,,"{""fill_assumption_profile"": ""base"", ""modeled_lots"": 4, ""observed_lots"": 4, ""overlap_netted_lots"": 0, ""overlap_window_seconds"": 0.125, ""queue_consumed_lots"": 0, ""unmatched_lots"": 4}"
1772633474.749,1101,BTCUSDT,queue_consumption,depth_update,ask,,717125,348,,,"{""fill_assumption_profile"": ""base"", ""modeled_lots"": 348, ""observed_lots"": 348, ""overlap_netted_lots"": 0, ""overlap_window_seconds"": 0.125, ""queue_consumed_lots"": 0, ""unmatched_lots"": 348}"
1772633474.749,1102,BTCUSDT,queue_consumption,depth_update,ask,,717358,162,,,"{""fill_assumption_profile"": ""base"", ""modeled_lots"": 162, ""observed_lots"": 162, ""overlap_netted_lots"": 0, ""overlap_window_seconds"": 0.125, ""queue_consumed_lots"": 0, ""unmatched_lots"": 162}"
1772633474.749,1103,BTCUSDT,queue_consumption,depth_update,ask,,717359,101,,,"{""fill_assumption_profile"": ""base"", ""modeled_lots"": 101, ""observed_lots"": 101, ""overlap_netted_lots"": 0, ""overlap_window_seconds"": 0.125, ""queue_consumed_lots"": 0, ""unmatched_lots"": 101}"
1772633474.749,1104,BTCUSDT,queue_consumption,depth_update,ask,,717370,41,,,"{""fill_assumption_profile"": ""base"", ""modeled_lots"": 41, ""observed_lots"": 41, ""overlap_netted_lots"": 0, ""overlap_window_seconds"": 0.125, ""queue_consumed_lots"": 0, ""unmatched_lots"": 41}"
1772633474.749,1105,BTCUSDT,queue_consumption,depth_update,ask,,717378,162,,,"{""fill_assumption_profile"": ""base"", ""modeled_lots"": 162, ""observed_lots"": 162, ""overlap_netted_lots"": 0, ""overlap_window_seconds"": 0.125, ""queue_consumed_lots"": 0, ""unmatched_lots"": 162}"
1772633474.749,1106,BTCUSDT,queue_consumption,depth_update,ask,,717449,108,,,"{""fill_assumption_profile"": ""base"", ""modeled_lots"": 108, ""observed_lots"": 108, ""overlap_netted_lots"": 0, ""overlap_window_seconds"": 0.125, ""queue_consumed_lots"": 0, ""unmatched_lots"": 108}"
1772633474.749,1107,BTCUSDT,queue_consumption,depth_update,ask,,718201,6,,,"{""fill_assumption_profile"": ""base"", ""modeled_lots"": 6, ""observed_lots"": 6, ""overlap_netted_lots"": 0, ""overlap_window_seconds"": 0.125, ""queue_consumed_lots"": 0, ""unmatched_lots"": 6}"
1772633474.789,1108,BTCUSDT,market_record,aggTrade,,,,,,,"{""buyer_is_maker"": true, ""price"": ""71586.50"", ""qty"": ""0.014"", ""record_type"": ""aggTrade""}"
1772633474.789,1109,BTCUSDT,queue_consumption,agg_trade,bid,,715865,14,,,"{""fill_assumption_profile"": ""base"", ""modeled_lots"": 14, ""observed_lots"": 14, ""overlap_netted_lots"": 0, ""overlap_window_seconds"": 0.125, ""queue_consumed_lots"": 14, ""unmatched_lots"": 0}"
1772633474.824,1110,BTCUSDT,market_record,aggTrade,,,,,,,"{""buyer_is_maker"": false, ""price"": ""71586.60"", ""qty"": ""0.060"", ""record_type"": ""aggTrade""}"
1772633474.824,1111,BTCUSDT,queue_consumption,agg_trade,ask,,715866,60,,,"{""fill_assumption_profile"": ""base"", ""modeled_lots"": 60, ""observed_lots"": 60, ""overlap_netted_lots"": 0, ""overlap_window_seconds"": 0.125, ""queue_consumed_lots"": 60, ""unmatched_lots"": 0}"
